,Carter Number,Name
choneji01,3,Jim Chones
laceysa01,3,Sam Lacey
boonero01,3,Ron Boone
kupchmi01,3,Mitch Kupchak
snydedi01,3,Dick Snyder
douglle01,3,Leon Douglas
bridgju01,3,Junior Bridgeman
bristal01,3,Allan Bristow
smithra01,3,Randy Smith
smithph01,3,Phil Smith
dietrco01,3,Coby Dietrick
kupeccj01,3,C.J. Kupec
leero01,3,Ron Lee
abdulka01,3,Kareem Abdul-Jabbar
lucasjo01,2,John Lucas
burleto01,3,Tom Burleson
sheltlo01,3,Lonnie Shelton
murphca01,3,Calvin Murphy
russeca01,4,Cazzie Russell
newlimi01,3,Mike Newlin
carrau01,3,Austin Carr
carrml01,3,M.L. Carr
olberma01,3,Mark Olberding
paultbi01,3,Billy Paultz
eakinji01,4,Jim Eakins
boerwto01,4,Tom Boerwinkle
ervinju01,3,Julius Erving
washiri01,3,Richard Washington
grossbo01,3,Bob Gross
hayesel01,3,Elvin Hayes
gilmoar01,2,Artis Gilmore
willigu01,2,Gus Williams
hillmda01,3,Darnell Hillman
gervige01,2,George Gervin
wickssi01,3,Sidney Wicks
whitejo01,3,Jo Jo White
galemi01,3,Mike Gale
charlke01,3,Ken Charles
vanlino01,4,Norm Van Lier
forddo01,3,Don Ford
fordch01,3,Chris Ford
unselwe01,3,Wes Unseld
jonesbo01,3,Bobby Jones
thompda01,3,David Thompson
jonesca01,3,Caldwell Jones
digreer01,3,Ernie DiGregorio
johnsmi01,3,Mickey Johnson
chanedo01,3,Don Chaney
hugheki01,3,Kim Hughes
mooreot01,4,Otto Moore
johnsol01,3,Ollie Johnson
hillar01,3,Armond Hill
kunneke01,3,Kevin Kunnert
johnsde01,3,Dennis Johnson
griffpa01,3,Paul Griffin
tomjaru01,3,Rudy Tomjanovich
porteke01,3,Kevin Porter
smithbi02,3,Bingo Smith
silaspa01,3,Paul Silas
breweji01,3,Jim Brewer
busedo01,3,Don Buse
westppa01,3,Paul Westphal
sealsbr01,3,Bruce Seals
steella01,3,Larry Steele
bibbyhe01,3,Henry Bibby
wedmasc01,3,Scott Wedman
robisda01,3,Dave Robisch
dampilo01,4,Louie Dampier
webstma01,3,Marvin Webster
gillihe01,3,Herm Gilliam
malonmo01,2,Moses Malone
joneswi02,3,Wil Jones
johnsch01,3,Charles Johnson
johnsjo01,3,John Johnson
stacoke01,3,Kevin Stacom
dudlech01,3,Charles Dudley
soberri01,3,Ricky Sobers
wattssl01,3,Slick Watts
taylofa01,4,Fatty Taylor
skinnal01,3,Al Skinner
bucknqu01,3,Quinn Buckner
barryri01,3,Rick Barry
mcginge01,3,George McGinnis
isselda01,3,Dan Issel
davisjo01,3,Johnny Davis
rowecu01,3,Curtis Rowe
hollawi01,4,Wilbur Holland
willina01,3,Nate Williams
havlijo01,3,John Havlicek
lucasma01,3,Maurice Lucas
wilkebo01,3,Bob Wilkerson
freewo01,2,World B. Free
allenlu01,3,Lucius Allen
wintebr01,3,Brian Winters
porteho01,3,Howard Porter
vanardi01,4,Dick Van Arsdale
knighbi01,3,Billy Knight
cheniph01,3,Phil Chenier
pondecl01,4,Cliff Pondexter
wrighla01,3,Larry Wright
kenonla01,3,Larry Kenon
terreir01,4,Ira Terrell
brownjo01,3,John Brown
adamsdo01,3,Don Adams
colemec01,3,E.C. Coleman
raycl01,3,Clifford Ray
parisro01,2,Robert Parish
vanarto01,4,Tom Van Arsdale
dantlad01,2,Adrian Dantley
monroea01,3,Earl Monroe
simpsra01,3,Ralph Simpson
norwowi01,3,Willie Norwood
wilkeja01,3,Jamaal Wilkes
jacksph01,3,Phil Jackson
kelleri01,3,Rich Kelley
greveke01,3,Kevin Grevey
hollili01,2,Lionel Hollins
kuberst01,3,Steve Kuberski
greenmi01,3,Mike Green
fraziwa01,4,Walt Frazier
basseti01,3,Tim Bassett
averibi01,3,Bird Averitt
robinbi01,3,Bill Robinzine
wisewi01,3,Willie Wise
mixst01,3,Steve Mix
drewjo01,3,John Drew
shumajo01,3,John Shumate
jonesdw01,3,Dwight Jones
meriwjo01,3,Joe Meriweather
twardda01,3,Dave Twardzik
flynnmi01,3,Mike Flynn
maravpe01,3,Pete Maravich
mcelrji01,3,Jim McElroy
barrmi01,4,Mike Barr
moneyer01,3,Eric Money
vanbrja01,3,Jan van Breda Kolff
adamsal01,3,Alvan Adams
mcclate01,3,Ted McClain
maysc01,3,Scott May
brownfr01,3,Fred Brown
awtrede01,3,Dennis Awtrey
natersw01,3,Swen Nater
taylobr01,3,Brian Taylor
lamarbo01,4,Bo Lamar
foxji01,4,Jim Fox
beardbu01,3,Butch Beard
russeca02,3,Campy Russell
bosweto01,3,Tom Boswell
dandrbo01,3,Bob Dandridge
calhoco01,3,Corky Calhoun
abernto01,3,Tom Abernethy
greenst01,3,Steve Green
lloydsc01,3,Scott Lloyd
saundfr01,4,Fred Saunders
tatumea01,3,Earl Tatum
eberhal01,4,Al Eberhard
benneme01,3,Mel Bennett
mcmilji01,3,Jim McMillian
bradlbi01,4,Bill Bradley
walkewa01,3,Wally Walker
parkeso01,3,Sonny Parker
waltobi01,3,Bill Walton
laniebo01,3,Bob Lanier
restake01,3,Kevin Restani
bingda01,3,Dave Bing
lambejo01,3,John Lambert
ardji01,4,Jim Ard
jonesro01,3,Robin Jones
weissbo01,4,Bob Weiss
walkefo01,3,Foots Walker
mengejo01,3,John Mengelt
roundda01,3,Dan Roundfield
burdeti01,3,Ticky Burden
bryanjo01,3,Joe Bryant
terrych01,4,Chuck Terry
behagro01,3,Ron Behagen
englial01,3,Alex English
cleamji01,3,Jim Cleamons
tolsode01,3,Dean Tolson
dawkida01,2,Darryl Dawkins
mccaran01,3,Andre McCarter
barketo01,3,Tom Barker
neumajo01,3,Johnny Neumann
fostefr01,3,Fred Foster
collido01,3,Doug Collins
hudsolo01,3,Lou Hudson
nealll01,3,Lloyd Neal
grayle01,4,Leonard Gray
gianejo01,3,John Gianelli
mcmilto01,3,Tom McMillen
laytomo01,4,Mo Layton
priceji01,3,Jim Price
marinja01,4,Jack Marin
washike01,3,Kermit Washington
beckby01,4,Byron Beck
kroppto01,4,Tom Kropp
waltoll01,3,Lloyd Walton
barnema01,3,Marvin Barnes
catchha01,3,Harvey Catchings
mcadobo01,3,Bob McAdoo
jamesaa01,4,Aaron James
hawkiro01,3,Bubbles Hawkins
weathni01,3,Nick Weatherspoon
towemo01,4,Monte Towe
sojoumi01,4,Mike Sojourner
erickke01,4,Keith Erickson
cowenda01,3,Dave Cowens
meyerda01,3,Dave Meyers
oleynfr01,4,Frank Oleynick
thurmna01,4,Nate Thurmond
riordmi01,4,Mike Riordan
dickede01,3,Derrek Dickey
feherbu01,4,Butch Feher
laskojo01,4,John Laskowski
cartefr01,4,Fred Carter
boydfr01,4,Freddie Boyd
heardga01,3,Gar Heard
hendeto01,3,Tom Henderson
whiteru01,3,Rudy White
owensto01,3,Tom Owens
dentora01,4,Randy Denton
willich02,3,Chuck Williams
perrycu01,4,Curtis Perry
selleph01,4,Phil Sellers
hawesst01,3,Steve Hawes
bantomi01,3,Mike Bantom
scottch01,3,Charlie Scott
brownro02,4,Roger Brown
willijo01,3,John Williamson
hansegl01,4,Glenn Hansen
gerargu01,3,Gus Gerard
brokaga01,3,Gary Brokaw
robintr01,3,Truck Robinson
stallbu01,4,Bud Stallworth
walkean01,4,Andy Walker
schluda01,3,Dale Schlueter
johnsge02,3,George Johnson
willobi01,3,Bill Willoughby
ratleed01,3,Ed Ratleff
wohlda01,3,Dave Wohl
smithel01,4,Elmore Smith
hicksph01,4,Phil Hicks
calvima01,3,Mack Calvin
architi01,3,Tiny Archibald
davisme01,4,Mel Davis
jonesri01,4,Rich Jones
terrycl01,3,Claude Terry
garrero01,4,Rowland Garrett
davisdw01,3,Dwight Davis
meminde01,4,Dean Meminger
lovebo01,4,Bob Love
kennego01,3,Goo Kennedy
dunlemi01,3,Mike Dunleavy
lewisfr02,4,Freddie Lewis
furlote01,3,Terry Furlow
haywosp01,3,Spencer Haywood
pacejo01,4,Joe Pace
bigelbo01,3,Bob Bigelow
karlge01,4,George Karl
roberma01,4,Marv Roberts
anderje01,4,Jerome Anderson
goodrga01,4,Gail Goodrich
wardhe01,4,Henry Ward
rogerma01,3,Marshall Rogers
wilsobo03,3,Bobby Wilson
cookno01,4,Norm Cook
howarmo01,4,Mo Howard
silasja01,3,James Silas
abdulza01,3,Zaid Abdul-Aziz
willich03,4,Chuckie Williams
davismi02,4,Mickey Davis
starrke01,4,Keith Starr
mcneila01,3,Larry McNeill
barneji02,3,Jim Barnett
warneco01,4,Cornell Warner
walkne01,4,Neal Walk
danieme01,4,Mel Daniels
mccrapa01,4,Paul McCracken
mcdongl01,4,Glenn McDonald
davisro01,3,Ron Davis
dickehe01,4,Henry Dickerson
elmorle01,3,Len Elmore
trappge01,4,George Trapp
cashco01,4,Cornelius Cash
elstoda01,4,Darrell Elston
fernser01,3,Eric Fernsten
hackeru01,4,Rudy Hackett
mayescl01,3,Clyde Mayes
nelsolo01,3,Louie Nelson
barnhno01,4,Norton Barnhill
jonesji01,4,Jimmy Jones
murphal01,4,Allen Murphy
dantomi01,4,Mike D'Antoni
smithwi02,3,Willie Smith
williea01,3,Earl Williams
sikmaja01,3,Jack Sikma
roberan01,3,Anthony Roberts
willira01,2,Ray Williams
daviswa03,3,Walter Davis
scottal01,3,Alvin Scott
nixonno01,3,Norm Nixon
reidro01,2,Robert Reid
rollitr01,2,Tree Rollins
knighto01,3,Toby Knight
johnsma01,3,Marques Johnson
bratzmi01,3,Mike Bratz
kingbe01,2,Bernard King
johnsed02,3,Eddie Johnson
ellisbo02,4,Bo Ellis
kuestjo01,3,John Kuester
lagarto01,3,Tom LaGarde
crissch01,2,Charlie Criss
ballagr01,3,Greg Ballard
greenri01,2,Rickey Green
grunfer01,3,Ernie Grunfeld
birdsot01,3,Otis Birdsong
gondrgl01,3,Glen Gondrezick
maxwece01,2,Cedric Maxwell
bensoke01,2,Kent Benson
armstta01,4,Tate Armstrong
nashbo01,3,Bob Nash
sheppst01,4,Steve Sheppard
forreba01,4,Bayard Forrest
roberto01,3,Tony Robertson
dunntr01,2,T.R. Dunn
landsma01,3,Mark Landsberger
marshri01,3,Ricky Marsh
edwarja01,2,James Edwards
glennmi01,2,Mike Glenn
carrke01,3,Kenny Carr
poquebe01,2,Ben Poquette
jordaed01,3,Eddie Jordan
bailegu01,4,Gus Bailey
hassejo01,3,Joe Hassett
smithro01,3,Robert Smith
coxwe01,3,Wesley Cox
bradlal01,3,Alonzo Bradley
mcdanji01,3,Jim McDaniels
walkeph01,4,Phil Walker
carribo01,3,Bob Carrington
griffgr01,4,Greg Griffin
davisbr01,3,Brad Davis
washiwi01,3,Wilson Washington
flemial01,3,Al Fleming
moffela01,3,Larry Moffett
crowma01,3,Mark Crow
simssc01,4,Scott Sims
laureri01,4,Rich Laurel
owensed01,3,Eddie Owens
dorseja01,3,Jacky Dorsey
brittwa01,4,Wayman Britt
bondph01,3,Phil Bond
moslegl01,3,Glenn Mosley
johnsla01,3,Larry Johnson
bostiji01,4,Jim Bostic
longjo01,2,John Long
kramejo01,3,Joel Kramer
cheekma01,2,Maurice Cheeks
tylerte01,3,Terry Tyler
theusre01,3,Reggie Theus
brewero01,3,Ron Brewer
judkije01,3,Jeff Judkins
mitchmi01,2,Mike Mitchell
fordph01,2,Phil Ford
mckinbi01,2,Billy McKinney
shortpu01,2,Purvis Short
johnscl01,3,Clemon Johnson
givenja01,3,Jack Givens
thompmy01,3,Mychal Thompson
richami01,3,Micheal Ray Richardson
willifr01,3,Freeman Williams
wakefan01,3,Andre Wakefield
boynewi01,3,Winford Boynes
higgske01,3,Kenny Higgs
hardyja01,3,James Hardy
townsra01,3,Raymond Townsend
coopewa01,2,Wayne Cooper
wilsori01,3,Rick Wilson
greento01,4,Tommie Green
corzida01,2,Dave Corzine
ruddjo01,3,John Rudd
radfowa01,3,Wayne Radford
leebu01,3,Butch Lee
redmoma01,3,Marlon Redmond
cartero01,3,Ron Carter
byrnema01,3,Marty Byrnes
robeyri01,3,Rick Robey
davisha01,4,Harry Davis
olivejo01,3,John Olive
whiteje01,3,Jerome Whitehead
pheglro01,3,Roger Phegley
hollies01,3,Essie Hollis
sandefr01,3,Frankie Sanders
normaco01,3,Connie Norman
anderki01,3,Kim Anderson
crompge01,3,Geoff Crompton
smithsa02,4,Sam Smith
hansela01,3,Lars Hansen
herroke01,3,Keith Herron
elliobo01,3,Bob Elliott
eppsra01,3,Ray Epps
robinja01,3,Jackie Robinson
bunchgr01,3,Greg Bunch
howarot01,3,Otis Howard
boydde01,3,Dennis Boyd
pietkst01,3,Stan Pietkiewicz
coopemi01,3,Michael Cooper
beshode01,4,Del Beshore
demicla01,3,Larry Demic
kingre01,3,Reggie King
cartwbi01,2,Bill Cartwright
jonesma01,3,Major Jones
rochejo01,3,John Roche
highjo01,3,Johnny High
greenda01,2,Dave Greenwood
bradldu01,3,Dudley Bradley
birdla01,2,Larry Bird
evansmi01,3,Mike Evans
garlaga01,4,Gary Garland
jeelaab01,3,Abdul Jeelani
johnsma02,3,Magic Johnson
leaveal01,2,Allen Leavell
willidu01,3,Duck Williams
moncrsi01,2,Sidney Moncrief
hendege01,2,Gerald Henderson
copelho01,3,Hollis Copeland
paxsoji02,3,Jim Paxson
hamilro01,3,Roy Hamilton
hustoge01,3,Geoff Huston
cummipa01,2,Pat Cummings
robincl01,3,Cliff Robinson
baileja01,3,James Bailey
duerote01,3,Terry Duerod
cookje01,2,Jeff Cook
hubbaph01,2,Phil Hubbard
willisl01,2,Sly Williams
dawkipa01,3,Paul Dawkins
nattca01,3,Calvin Natt
richacl01,3,Clint Richardson
peckwi01,4,Wiley Peck
kelsegr01,3,Greg Kelser
pellosa01,3,Sam Pellom
spanaji01,3,Jim Spanarkel
johnsvi01,2,Vinnie Johnson
hollabr01,3,Brad Holland
evansea01,3,Earl Evans
malovst01,3,Steve Malovic
mackol01,3,Ollie Mack
kiffiir01,4,Irv Kiffin
coughjo01,3,John Coughran
toonebe01,3,Bernard Toone
norrisy01,4,Sylvester Norris
batesbi01,3,Billy Ray Bates
wilsobu01,3,Bubba Wilson
bostola01,4,Lawrence Boston
mokespa01,3,Paul Mokeski
johnsch02,3,Cheese Johnson
zenoto01,3,Tony Zeno
kramear01,4,Arvid Kramer
deanegr01,3,Greg Deane
crosbte01,3,Terry Crosby
kilpaca01,3,Carl Kilpatrick
orrlo01,2,Louis Orr
carrojo01,2,Joe Barry Carroll
moorejo01,2,Johnny Moore
mchalke01,2,Kevin McHale
macyky01,2,Kyle Macy
smithla01,2,Larry Smith
brookmi01,3,Michael Brooks
laimbbi01,2,Bill Laimbeer
robinwa01,3,Wayne Robinson
woodsmi01,2,Mike Woodson
griffda01,2,Darrell Griffith
cookda01,3,Darwin Cook
ranseke01,3,Kelvin Ransey
johnsre01,3,Reggie Johnson
okoremi01,3,Mike O'Koren
drewla01,3,Larry Drew
toneyan01,3,Andrew Toney
hanzlbi01,3,Bill Hanzlik
moorelo01,3,Lowes Moore
garreca01,3,Calvin Garrett
donalja01,2,James Donaldson
hordgce01,3,Cedrick Hordges
worthsa01,3,Sam Worthen
jonesed01,3,Edgar Jones
cartere01,3,Reggie Carter
reidbi01,3,Billy Reid
gminsmi01,2,Mike Gminski
wilkije01,3,Jeff Wilkins
harpemi01,4,Mike Harper
sheltcr01,3,Craig Shelton
cartebu01,3,Butch Carter
romarlo01,3,Lorenzo Romar
mahorri01,2,Rick Mahorn
curetea01,2,Earl Cureton
vandeki01,2,Kiki Vandeweghe
wilkeja02,3,James Wilkes
whitnha02,3,Hawkeye Whitney
sichtje01,2,Jerry Sichting
collido02,3,Don Collins
brownri01,2,Rickey Brown
matthwe01,2,Wes Matthews
scalede01,3,DeWayne Scales
nilesmi01,3,Mike Niles
durenjo01,3,John Duren
nicksca01,3,Carl Nicks
wileymi01,3,Michael Wiley
jordawa01,3,Walter Jordan
kinchch01,3,Chad Kinch
colliar01,3,Art Collins
terryca01,3,Carlos Terry
kreklwa01,3,Wayne Kreklow
rankwa01,4,Wally Rank
valenro01,3,Ronnie Valentine
hardyal01,3,Alan Hardy
allumda01,4,Darrell Allums
nattke01,3,Kenny Natt
rayja01,3,James Ray
keacl01,3,Clarence Kea
fulleto01,3,Tony Fuller
sparrro01,2,Rory Sparrow
vromabr01,3,Brett Vroman
johnsle01,3,Lee Johnson
stroujo01,3,John Stroud
lestero01,3,Ronnie Lester
mayfibi01,3,Bill Mayfield
drollra01,4,Ralph Drollinger
priceto01,4,Tony Price
milledi01,3,Dick Miller
oldhaja01,2,Jawann Oldham
lawreed01,3,Edmund Lawrence
blackno01,3,Norman Black
patrimy01,4,Myles Patrick
brownle02,3,Lewis Brown
brittda01,3,Dave Britton
jacksto02,4,Tony Jackson
mccorke01,3,Keith McCord
davismo01,4,Monti Davis
rulanje01,3,Jeff Ruland
schayda01,2,Danny Schayes
willibu01,2,Buck Williams
willihe01,2,Herb Williams
valenda01,3,Darnell Valentine
blackro01,2,Rolando Blackman
tripuke01,2,Kelly Tripucka
chambto01,2,Tom Chambers
vinceja01,3,Jay Vincent
listeal01,2,Alton Lister
turneel01,2,Elston Turner
banksge01,2,Gene Banks
nancela01,3,Larry Nance
johnsfr01,2,Frank Johnson
macklru01,3,Rudy Macklin
johnsst03,2,Steve Johnson
vraneda01,3,Danny Vranes
kingal01,2,Albert King
woolror01,2,Orlando Woolridge
johnsed03,2,Eddie Johnson
smithji01,3,Jim Smith
thomais01,2,Isiah Thomas
verhope01,3,Pete Verhoeven
loderke01,3,Kevin Loder
gudmupe01,3,Petur Gudmundsson
dougljo01,3,John Douglas
rambiku01,2,Kurt Rambis
brogaji01,3,Jim Brogan
nimphku01,3,Kurt Nimphius
willisa02,3,Sam Williams
lampje01,3,Jeff Lamp
davisch02,3,Charles Davis
aingeda01,2,Danny Ainge
tolbera01,3,Ray Tolbert
aguirma01,2,Mark Aguirre
bradlch01,3,Charles Bradley
blumera01,3,Ray Blume
cattabo01,3,Bobby Cattage
rainsed01,3,Ed Rains
wittsga01,3,Garry Witts
radfoma01,3,Mark Radford
woodho01,3,Howard Wood
edwarfr01,3,Franklin Edwards
mcgeemi01,2,Mike McGee
bradlal02,3,Alex Bradley
jackstr01,3,Tracy Jackson
mckenke01,3,Kevin McKenna
dillami01,3,Mickey Dillard
dykemcr01,3,Craig Dykema
mcdowha01,2,Hank McDowell
dennake01,3,Kenny Dennard
woodal01,3,Al Wood
hayesst01,3,Steve Hayes
lloydle01,2,Lewis Lloyd
yonakri01,3,Rich Yonakor
bransbr01,3,Brad Branson
mcculjo01,3,John McCullough
johnscl02,3,Clay Johnson
burkmro01,3,Roger Burkman
burnsda01,3,David Burns
sprigla01,3,Larry Spriggs
hagangl01,3,Glenn Hagan
leero02,3,Rock Lee
baileca01,4,Carl Bailey
coopejo01,3,Joe Cooper
nealyed01,2,Ed Nealy
johnsge03,3,George Johnson
higgiro01,3,Rod Higgins
eavesje01,2,Jerry Eaves
wilkido01,2,Dominique Wilkins
leverfa01,3,Fat Lever
kellocl01,3,Clark Kellogg
eatonma01,2,Mark Eaton
iavarma01,2,Marc Iavaroni
presspa01,3,Paul Pressey
tucketr01,2,Trent Tucker
anderri01,2,Richard Anderson
worthja01,2,James Worthy
dailequ01,2,Quintin Dailey
hodgecr01,3,Craig Hodges
connele01,2,Lester Conner
garnebi02,3,Bill Garnett
williro02,3,Rob Williams
teaglte01,2,Terry Teagle
thompla01,2,LaSalle Thompson
cummite01,2,Terry Cummings
baglejo01,2,John Bagley
russewa01,2,Walker Russell
whitero01,3,Rory White
sheroed01,3,Ed Sherod
slaugjo01,3,Jose Slaughter
levincl01,2,Cliff Levingston
steppbr01,3,Brook Steppe
towneli01,3,Linton Townes
battoda01,3,Dave Batton
englech01,3,Chris Engler
flowebr01,3,Bruce Flowers
anderjj01,3,J.J. Anderson
thirdda01,3,David Thirdkill
philled01,3,Eddie Phillips
schoeru01,3,Russ Schoene
thompco01,4,Corny Thompson
williri01,3,Rickey Williams
tayloje01,3,Jeff Taylor
warribr01,3,Bryan Warrick
floydsl01,2,Sleepy Floyd
piercri01,2,Ricky Pierce
tillida01,3,Darren Tillis
mcnamma01,3,Mark McNamara
robinol01,3,Oliver Robinson
edmonke01,3,Keith Edmonson
taylovi01,3,Vince Taylor
norriau01,3,Audie Norris
pittmch01,3,Charles Pittman
smithde02,2,Derek Smith
sandemi01,2,Mike Sanders
hastisc01,2,Scott Hastings
kopicjo01,3,Joe Kopicki
johnsji01,3,Jim Johnstone
magleda01,3,Dave Magley
greigjo01,3,John Greig
joneshu01,3,Hutch Jones
morgagu01,3,Guy Morgan
davismi03,3,Mike Davis
lingest01,3,Steve Lingenfelter
coxch01,3,Chubby Cox
zoetji01,3,Jim Zoet
nevitch01,2,Chuck Nevitt
anderdw01,3,Dwight Anderson
drexlcl01,2,Clyde Drexler
harpede01,2,Derek Harper
wiggimi01,2,Mitchell Wiggins
thomppa01,3,Paul Thompson
walkeda01,2,Darrell Walker
sampsra01,2,Ralph Sampson
baileth01,2,Thurl Bailey
riverdo01,2,Doc Rivers
malonje01,2,Jeff Malone
stipast01,3,Steve Stipanovich
hinsoro01,3,Roy Hinson
whatlen01,2,Ennis Whatley
fostero01,3,Rod Foster
roberfr01,2,Fred Roberts
mccraro01,2,Rodney McCray
lowesi01,2,Sidney Lowe
waitegr01,2,Granville Waiters
wittmra01,2,Randy Wittman
dayeda01,3,Darren Daye
scottby01,2,Byron Scott
sundvjo01,2,Jon Sundvold
thomaji01,2,Jim Thomas
ellisda01,2,Dale Ellis
mannipa01,2,Pace Mannion
breuera01,2,Randy Breuer
grangst01,2,Stewart Granger
carteho01,3,Howard Carter
hansebo01,2,Bob Hansen
greensi02,2,Sidney Green
paxsojo01,2,John Paxson
combsle01,3,Leroy Combs
mccrasc01,2,Scooter McCray
crossru01,3,Russell Cross
threase01,2,Sedale Threatt
suttlda01,3,Dane Suttle
michela01,2,Larry Micheaux
kitegr01,2,Greg Kite
westma01,2,Mark West
garrijo01,3,John Garris
gibsomi01,3,Mike Gibson
clarkca01,3,Carlos Clark
bryanwa01,3,Wallace Bryant
rautile01,2,Leo Rautins
willike01,3,Kevin Williams
piotrto01,3,Tom Piotrowski
weidnbr01,3,Brant Weidner
pinonjo01,3,John Pinone
ehlocr01,2,Craig Ehlo
kuczebr01,3,Bruce Kuczenski
austike01,3,Ken Austin
jonesma02,3,Mark Jones
wilsomi01,3,Michael Wilson
millebo01,3,Bob Miller
lockhda01,3,Darrell Lockhart
jonesch01,2,Charles Jones
willike02,1,Kevin Willis
thorpot01,2,Otis Thorpe
jordami01,2,Michael Jordan
brownto01,2,Tony Brown
olajuha01,1,Hakeem Olajuwon
perkisa01,2,Sam Perkins
barklch01,2,Charles Barkley
stockjo01,2,John Stockton
humphja01,2,Jay Humphries
flemive01,2,Vern Fleming
roberal01,2,Alvin Robertson
turpime01,2,Melvin Turpin
brickfr01,2,Frank Brickowski
jonesch02,3,Charles Jones
coltest01,2,Steve Colter
mccorti01,2,Tim McCormick
kerseje01,2,Jerome Kersey
bowiesa01,2,Sam Bowie
cagemi01,2,Michael Cage
bannike01,3,Ken Bannister
holtomi01,2,Mike Holton
wilsoot01,3,Othell Wilson
aleksch01,3,Chuck Aleksinas
stanste01,3,Terence Stansbury
turneje01,2,Jeff Turner
jonesoz01,3,Ozell Jones
plummga01,3,Gary Plummer
gordola01,3,Lancaster Gordon
carran01,2,Antoine Carr
blackco01,3,Cory Blackwell
peterji01,2,Jim Petersen
durrade01,3,Devin Durrant
thompbe01,2,Bernard Thompson
campbto01,2,Tony Campbell
wilkied01,2,Eddie Lee Wilkins
cavenro01,3,Ron Cavenall
grayst01,2,Stuart Gray
thibepe01,3,Peter Thibeaux
fieldke01,3,Kenny Fields
burttst01,2,Steve Burtt
sittoch01,3,Charlie Sitton
schefto01,3,Tom Scheffler
whitewi01,3,Willie White
carliri01,2,Rick Carlisle
woodle01,3,Leon Wood
anderro01,3,Ron Anderson
sapplwa01,3,Wayne Sappleton
slubyto01,3,Tom Sluby
murphja01,2,Jay Murphy
popeda01,3,David Pope
willigu02,3,Guy Williams
sewelto01,3,Tom Sewell
schwejo01,3,John Schweitz
edelike01,3,Kenton Edelin
wilkida01,3,Dale Wilkinson
gravebu01,3,Butch Graves
youngda01,2,Danny Young
jonesea01,3,Earl Jones
youngmi01,3,Michael Young
jacksra01,3,Ralph Jackson
mcdanxa01,2,Xavier McDaniel
koncajo01,2,Jon Koncak
dumarjo01,2,Joe Dumars
greenac01,2,A.C. Green
wilkige01,2,Gerald Wilkins
malonka01,2,Karl Malone
tisdawa01,2,Wayman Tisdale
bolma01,2,Manute Bol
pincked01,2,Ed Pinckney
kleinjo01,2,Joe Kleine
webbsp01,2,Spud Webb
portete01,2,Terry Porter
benjabe01,2,Benoit Benjamin
scurrca01,2,Carey Scurry
oaklech01,1,Charles Oakley
minnidi01,2,Dirk Minniefield
thornbo01,2,Bob Thornton
phelpmi01,3,Michael Phelps
hugheri01,2,Alfredrick Hughes
martibi01,3,Bill Martin
battljo01,2,John Battle
catlete01,2,Terry Catledge
schrede01,2,Detlef Schrempf
johnske01,3,Ken Johnson
mosspe01,3,Perry Moss
leeke01,2,Keith Lee
harrist01,2,Steve Harris
vincesa01,3,Sam Vincent
wennibi01,2,Bill Wennington
mullich01,2,Chris Mullin
reynoje01,3,Jerry Reynolds
willipe01,3,Pete Williams
ewingpa01,2,Patrick Ewing
gloucge01,3,Georgi Glouchkov
blabuw01,3,Uwe Blab
rasmubl01,2,Blair Rasmussen
cofiefr01,2,Fred Cofield
mccladw01,3,Dwayne McClain
smrekmi01,2,Mike Smrek
charllo01,2,Lorenzo Charles
brittmi01,2,Mike Brittain
stokegr01,3,Greg Stokes
mcneach01,2,Chris McNealy
henryca01,3,Carl Henry
mcdonbe01,3,Ben McDonald
greenke02,3,Kenny Green
crossje01,3,Jeff Cross
keeliha01,3,Harold Keeling
adamsmi01,2,Michael Adams
corbity01,1,Tyrone Corbin
vanosni01,3,Nick Vanos
toneyse01,2,Sedric Toney
greenke01,3,Ken Green
cookeda01,3,David Cooke
martibr01,3,Brian Martin
wintevo01,3,Voise Winters
stivral01,2,Alex Stivrins
creviro01,3,Ron Crevier
rowlade01,3,Derrick Rowland
gregocl01,3,Claude Gregory
josepyv01,3,Yvon Joseph
hendeje01,3,Jerome Henderson
sallejo01,2,John Salley
persoch01,2,Chuck Person
harpero01,2,Ron Harper
dawkijo01,2,Johnny Dawkins
daughbr01,2,Brad Daugherty
hornaje01,2,Jeff Hornacek
williho01,2,Hot Rod Williams
sellebr01,2,Brad Sellers
willijo02,2,John Williams
gattike01,2,Kenny Gattison
wingada01,2,David Wingate
rodmade01,2,Dennis Rodman
tarplro01,2,Roy Tarpley
washipe01,3,Pearl Washington
mcmilna01,3,Nate McMillan
krystla01,2,Larry Krystkowiak
colembe01,2,Ben Coleman
walkeke01,2,Kenny Walker
pricema01,2,Mark Price
pressha01,3,Harold Pressley
curryde01,1,Dell Curry
kemptti01,2,Tim Kempton
alarima01,2,Mark Alarie
gondrgr01,3,Grant Gondrezick
addisra01,2,Rafael Addison
brownmi01,2,Mike Brown
feitlda01,2,Dave Feitl
johnsbu01,2,Buck Johnson
newmajo01,2,Johnny Newman
thompbi01,3,Billy Thompson
berrywa01,2,Walter Berry
duckwke01,2,Kevin Duckworth
bedfowi01,3,William Bedford
jonesan01,3,Anthony Jones
rogerjo01,2,Johnny Rogers
martima01,3,Maurice Martin
smithke03,3,Keith Smith
smithcl01,2,Clinton Smith
henryco01,3,Conner Henry
washbch01,2,Chris Washburn
brancad01,2,Adrian Branch
myerspe01,2,Pete Myers
johnsst02,3,Steffond Johnson
smithot01,3,Otis Smith
nuttde01,3,Dennis Nutt
martife01,3,Fernando Martin
dreilgr01,2,Greg Dreiling
wrighbr01,3,Brad Wright
skilesc01,3,Scott Skiles
biniojo01,3,Joe Binion
douglbr01,3,Bruce Douglas
jacksmy01,3,Myron Jackson
rowanro01,3,Ron Rowan
kitchcu01,3,Curtis Kitchen
hendece01,2,Cedric Henderson
mckenfo01,3,Forrest McKenzie
youngpe01,2,Perry Young
hendeke01,3,Kevin Henderson
turnean01,2,Andre Turner
mcqueco01,3,Cozell McQueen
singlmc01,3,McKinley Singleton
lamplji01,3,Jim Lampley
poleedw01,3,Dwayne Polee
polynol01,2,Olden Polynice
jacksma01,1,Mark Jackson
millere01,2,Reggie Miller
mckeyde01,2,Derrick McKey
andergr01,2,Greg Anderson
grantho01,2,Horace Grant
boguemu01,1,Muggsy Bogues
pippesc01,2,Scottie Pippen
acresma01,3,Mark Acres
frankte01,2,Tellis Frank
comegda01,3,Dallas Comegys
lohaubr01,2,Brad Lohaus
garlawi01,2,Winston Garland
normake01,2,Ken Norman
smithke01,2,Kenny Smith
hopsode01,3,Dennis Hopson
wheelcl01,3,Clinton Wheeler
jacksmi02,3,Michael Jackson
dudlech02,2,Chris Dudley
gilliar01,2,Armen Gilliam
johnske02,2,Kevin Johnson
lewisra01,2,Ralph Lewis
lewisre01,2,Reggie Lewis
donovbi01,2,Billy Donovan
wolfjo01,2,Joe Wolf
stroejo01,3,John Stroeder
wagnemi01,3,Milt Wagner
hoppeda01,2,Dave Hoppen
kofoeba01,2,Bart Kofoed
whiteto01,3,Tony White
willire01,2,Reggie Williams
nesslma01,3,Martin Nessley
farmeji01,3,Jim Farmer
colemno01,3,Norris Coleman
critewi01,2,Winston Crite
alforst01,3,Steve Alford
rothsc01,2,Scott Roth
hendeda01,3,Dave Henderson
wilsori02,3,Ricky Wilson
murphro01,3,Ronnie Murphy
whiteer01,3,Eric White
washidu01,2,Duane Washington
wilsoni01,3,Nikita Wilson
askewvi01,2,Vincent Askew
wadema01,3,Mark Wade
hugheed01,3,Eddie Hughes
blackna01,3,Nate Blackwell
welpch01,3,Chris Welp
moorero01,3,Ron Moore
gamblke01,2,Kevin Gamble
arlaujo01,3,Joe Arlauckas
walleja01,3,Jamie Waller
zevenph01,3,Phil Zevenbergen
moorean01,3,Andre Moore
winslri01,3,Rickie Winslow
rowsobr01,2,Brian Rowsom
rellfri01,3,Richard Rellford
johnska01,2,Kannard Johnson
murphto01,2,Tod Murphy
brooksc01,2,Scott Brooks
smitsri01,2,Rik Smits
shawbr01,2,Brian Shaw
longgr01,2,Grant Long
lesji01,2,Jim Les
chievde01,2,Derrick Chievous
stricro02,2,Rod Strickland
anderwi01,2,Willie Anderson
delnevi01,2,Vinny Del Negro
eacklle01,2,Ledell Eackles
maxweve01,2,Vernon Maxwell
hawkihe01,2,Hersey Hawkins
edwarke01,2,Kevin Edwards
richmmi01,2,Mitch Richmond
seikaro01,2,Rony Seikaly
morrich01,2,Chris Morris
chapmre01,2,Rex Chapman
leckner01,2,Eric Leckner
grandro01,2,Ron Grandison
smithch01,2,Charles Smith
grantha01,2,Harvey Grant
garrito01,3,Tom Garrick
grantga01,2,Gary Grant
shaskjo01,3,John Shasky
berryri01,3,Ricky Berry
perryti01,2,Tim Perry
langan01,2,Andrew Lang
shackch01,2,Charles Shackleford
bryanma01,2,Mark Bryant
graysy01,3,Sylvester Gray
majerda01,2,Dan Majerle
laneje01,3,Jerome Lane
wileymo01,2,Morlon Wiley
haleyja01,2,Jack Haley
ortizjo01,3,Jose Ortiz
willimi02,1,Micheal Williams
riverda01,3,David Rivers
fredean01,2,Anthony Frederick
johnsav01,2,Avery Johnson
jonessh01,3,Shelton Jones
keysra01,2,Randolph Keys
ferredu01,2,Duane Ferrell
jonesbi01,3,Bill Jones
starkjo01,2,John Starks
andermi01,3,Michael Anderson
stephev01,3,Everette Stephens
butlegr01,2,Greg Butler
gaineco01,2,Corey Gaines
nealcr01,3,Craig Neal
dembofe01,2,Fennis Dembo
davisma01,3,Mark Davis
perduwi01,2,Will Perdue
rivasra01,3,Ramon Rivas
mannida01,2,Danny Manning
kerrst01,2,Steve Kerr
horfoti01,3,Tito Horford
gillebe01,3,Ben Gillery
upshake01,3,Kelvin Upshaw
mitchto01,3,Todd Mitchell
tayloan01,3,Anthony Taylor
lockro01,3,Rob Lock
bowiean01,2,Anthony Bowie
tolbeto01,2,Tom Tolbert
ferrero01,3,Rolando Ferreira
grayeje01,2,Jeff Grayer
englewa01,3,Wayne Englestad
popsoda01,2,Dave Popson
pressdo01,3,Dominic Pressley
grahaor01,3,Orlando Graham
allenra01,3,Randy Allen
rowinji01,2,Jim Rowinski
smartke01,3,Keith Smart
champmi01,3,Mike Champion
woodda01,2,David Wood
rosero01,3,Rob Rose
mortori01,3,Richard Morton
sumptba01,3,Barry Sumpter
robinda01,2,David Robinson
edwarbl01,2,Blue Edwards
robincl02,1,Clifford Robinson
richapo01,2,Pooh Richardson
reidjr01,2,J.R. Reid
divacvl01,2,Vlade Divac
kingst01,2,Stacey King
elliose01,2,Sean Elliott
douglsh01,2,Sherman Douglas
kempsh01,2,Shawn Kemp
anderni01,2,Nick Anderson
armstbj01,2,B.J. Armstrong
barroda01,2,Dana Barros
mitchsa01,2,Sam Mitchell
hardati01,2,Tim Hardaway
lichtto01,3,Todd Lichti
ruddde01,2,Delaney Rudd
petrodr01,2,Drazen Petrovic
ricegl01,2,Glen Rice
marcisa01,2,Sarunas Marciulionis
brownch01,2,Chucky Brown
volkoal01,2,Alexander Volkov
anslemi01,3,Michael Ansley
martije01,3,Jeff Martin
grantgr01,2,Greg Grant
royaldo01,2,Donald Royal
smithmi01,2,Michael Smith
daviste01,2,Terry Davis
hammoto01,2,Tom Hammonds
battlke01,2,Kenny Battle
kornefr01,3,Frank Kornet
whitera01,3,Randy White
bennewi01,3,Winston Bennett
westdo01,2,Doug West
caldwad01,2,Adrian Caldwell
blaylmo01,2,Mookie Blaylock
irvinby01,2,Byron Irvin
johnser01,3,Eric Johnson
hortoed01,3,Ed Horton
mccloge01,2,George McCloud
haffnsc01,2,Scott Haffner
rothdo01,3,Doug Roth
mortojo01,3,John Morton
turnehe02,3,Henry Turner
morrimi01,3,Mike Morrison
payneke01,3,Kenny Payne
ellispe01,2,Pervis Ellison
dinkiby01,2,Byron Dinkins
quinnbr01,2,Brian Quinnett
sandeje01,2,Jeff Sanders
jacksja01,2,Jaren Jackson
paspaza01,3,Zarko Paspalj
meentsc01,3,Scott Meents
marblro01,2,Roy Marble
copella01,3,Lanard Copeland
leonaga01,2,Gary Leonard
masonan01,2,Anthony Mason
gervide01,3,Derrick Gervin
nixdy01,3,Dyron Nix
bucknst01,3,Steve Bucknall
tayloja01,3,Jay Taylor
brundst01,3,Stanley Brundy
brownra01,3,Raymond Brown
willimi03,3,Mike Williams
johnsna01,2,Nate Johnston
mccanme01,3,Mel McCants
legleti01,2,Tim Legler
mccanbo01,2,Bob McCann
kimbrst01,3,Stan Kimbrough
taylole01,3,Leonard Taylor
doziete01,2,Terry Dozier
mckinca01,2,Carlton McKinney
workmha01,2,Haywoode Workman
higgimi01,3,Mike Higgins
leboje01,3,Jeff Lebo
lettcl01,3,Clifford Lett
edwarja02,3,Jay Edwards
brynto01,3,Torgeir Bryn
shousde01,3,Dexter Shouse
vocega01,3,Gary Voce
paytoga01,2,Gary Payton
brownde01,1,Dee Brown
scottde01,2,Dennis Scott
gillke01,2,Kendall Gill
colesbi01,2,Bimbo Coles
ferryda01,2,Danny Ferry
spencfe01,2,Felton Spencer
simmoli01,2,Lionel Simmons
kesslal01,3,Alec Kessler
causwdu01,2,Duane Causwell
burtowi01,2,Willie Burton
liberma01,2,Marcus Liberty
willike03,2,Kenny Williams
colemde01,2,Derrick Coleman
buechju01,2,Jud Buechler
hillty01,2,Tyrone Hill
olivebr01,2,Brian Oliver
vaughlo01,2,Loy Vaught
engliaj01,2,A.J. English
paddige01,3,Gerald Paddio
hensost01,2,Steve Henson
abdulma02,2,Mahmoud Abdul-Rauf
callori01,3,Rick Calloway
maystr01,2,Travis Mays
smithto02,2,Tony Smith
knighne01,1,Negele Knight
winchke01,2,Kennard Winchester
cebalce01,2,Cedric Ceballos
pritcke01,2,Kevin Pritchard
mustaje01,2,Jerrod Mustaf
kimblbo01,2,Bo Kimble
cookan01,2,Anthony Cook
georgta01,3,Tate George
fostegr01,1,Greg Foster
willija01,2,Jayson Williams
cofferi01,2,Richard Coffey
campbel01,2,Elden Campbell
willisc01,2,Scott Williams
glassge01,2,Gerald Glass
higgise01,2,Sean Higgins
leeku01,3,Kurk Lee
robinru01,2,Rumeal Robinson
toolsan01,2,Andy Toolson
abdelal01,2,Alaa Abdelnaby
schindw01,2,Dwayne Schintzius
schefst01,2,Steve Scheffler
askinke01,2,Keith Askins
blankla01,2,Lance Blanks
millste01,2,Terry Mills
jamerda01,2,Dave Jamerson
jameshe01,2,Henry James
masseto01,2,Tony Massenburg
bonnean01,2,Anthony Bonner
vrankst01,2,Stojko Vrankovic
oggal01,3,Alan Ogg
eliema01,2,Mario Elie
palmewa01,3,Walter Palmer
thomair01,3,Irving Thomas
grandji01,3,Jim Grandholm
wilsotr01,2,Trevor Wilson
robinla01,2,Larry Robinson
jepsele01,3,Les Jepsen
osullda01,2,Dan O'Sullivan
bullama01,2,Matt Bullard
babicmi01,3,Milos Babic
munkch01,3,Chris Munk
godfrda01,2,Dan Godfread
wrighho02,3,Howard Wright
ballce01,3,Cedric Ball
wyndeaj01,2,A.J. Wynder
harrito01,2,Tony Harris
dawsoto01,2,Tony Dawson
lockhia01,2,Ian Lockhart
brandte01,2,Terrell Brandon
anthogr01,2,Greg Anthony
johnsla02,2,Larry Johnson
augmost01,2,Stacey Augmon
foxri01,2,Rick Fox
alexavi01,2,Victor Alexander
owensbi01,2,Billy Owens
grahapa01,2,Paul Graham
benoida01,2,David Benoit
maconma01,2,Mark Macon
stewala01,2,Larry Stewart
smithdo03,2,Doug Smith
packro01,2,Robert Pack
mutomdi01,2,Dikembe Mutombo
chilcpe01,2,Pete Chilcutt
suttogr01,2,Greg Sutton
longllu01,2,Luc Longley
davisda01,2,Dale Davis
anderke01,2,Kenny Anderson
smithst01,2,Steve Smith
brownra02,2,Randy Brown
roberst01,2,Stanley Roberts
lynchke01,2,Kevin Lynch
gatlich01,2,Chris Gatling
iuzzomi01,3,Mike Iuzzolino
hodgedo01,2,Donald Hodge
crowdco01,2,Corey Crowder
corchch01,2,Chris Corchiani
murdoer01,2,Eric Murdock
delebi01,2,Bison Dele
smithla02,2,LaBradford Smith
leedo01,3,Doug Lee
conloma01,2,Marty Conlon
herreca01,2,Carl Herrera
turnejo01,2,John Turner
mooretr01,2,Tracy Moore
kingri01,3,Rich King
perryel01,2,Elliot Perry
randama01,2,Mark Randall
monroro01,2,Rodney Monroe
brookke01,3,Kevin Brooks
thomach01,3,Charles Thomas
greense01,2,Sean Green
copato01,3,Tom Copa
austiis01,2,Isaac Austin
ellisle02,2,LeRon Ellis
howarbr01,3,Brian Howard
oliveji01,2,Jimmy Oliver
mayesth01,3,Tharon Mayes
owenske01,3,Keith Owens
thompst01,3,Stephen Thompson
phillbo01,2,Bobby Phills
calipde01,3,Demetrius Calip
brownmy01,3,Myron Brown
strotla01,2,Lamont Strothers
eddiepa01,2,Patrick Eddie
huntece01,2,Cedric Hunter
bardost01,2,Steve Bardo
stronde01,2,Derek Strong
viannjo01,3,Joao Vianna
thomaca01,2,Carl Thomas
weathcl01,2,Clarence Weatherspoon
keefead01,2,Adam Keefe
maybele01,2,Lee Mayberry
aventan01,2,Anthony Avent
ellisla01,2,LaPhonso Ellis
laettch01,2,Christian Laettner
onealsh01,2,Shaquille O'Neal
guglito01,2,Tom Gugliotta
smithch03,2,Chris Smith
houstby01,2,Byron Houston
horryro01,2,Robert Horry
mournal01,2,Alonzo Mourning
peelean01,2,Anthony Peeler
sprewla01,2,Latrell Sprewell
daniell01,2,Lloyd Daniels
benneto01,2,Tony Bennett
bondwa01,2,Walter Bond
minerha01,2,Harold Miner
rooksse01,2,Sean Rooks
dayto01,2,Todd Day
pricebr01,2,Brent Price
coopedu01,2,Duane Cooper
macledo01,2,Don MacLean
williwa02,2,Walt Williams
sealyma01,2,Malik Sealy
milleol01,2,Oliver Miller
cambrde01,3,Dexter Cambridge
greenli01,2,Litterial Green
davishu01,2,Hubert Davis
howarst01,2,Stephen Howard
geigema01,2,Matt Geiger
murratr01,1,Tracy Murray
dumasri02,2,Richard Dumas
barryjo01,2,Jon Barry
overtdo01,2,Doug Overton
spencel01,2,Elmore Spencer
maxeyma01,2,Marlon Maxey
johnsda01,2,Dave Johnson
woodsra01,2,Randy Woods
crottjo01,2,John Crotty
macksa01,2,Sam Mack
stithbr01,2,Bryant Stith
willico01,2,Corey Williams
newbeme01,3,Melvin Newbern
guidija01,3,Jay Guidinger
werdaro01,2,Robert Werdann
jacksji01,2,Jim Jackson
blackal01,2,Alex Blackwell
morriis01,3,Isaiah Morris
smithre01,2,Reggie Smith
chrisdo01,1,Doug Christie
willilo01,2,Lorenzo Williams
curcira01,3,Radisav Curcic
spencan01,3,Andre Spencer
anderer01,2,Eric Anderson
vetragu01,2,Gundars Vetra
webbma01,2,Marcus Webb
pullaan01,3,Anthony Pullard
jennike01,3,Keith Jennings
courtjo01,2,Joe Courtney
englijo01,3,Jo Jo English
durhapa01,2,Pat Durham
jordath01,3,Thomas Jordan
othicma01,3,Matt Othick
steveba01,3,Barry Stevens
blantri01,3,Ricky Blanton
bakervi01,2,Vin Baker
hunteli01,1,Lindsey Hunter
hardaan01,2,Anfernee Hardaway
davisan01,1,Antonio Davis
jonespo01,2,Popeye Jones
vanexni01,2,Nick Van Exel
radjadi01,2,Dino Radja
houstal01,2,Allan Houston
brownpj01,2,P.J. Brown
mashbja01,2,Jamal Mashburn
rogerro01,2,Rodney Rogers
millsch01,2,Chris Mills
rideris01,2,Isaiah Rider
harrilu01,2,Lucious Harris
webbech01,2,Chris Webber
butlemi02,2,Mitchell Butler
kukocto01,2,Toni Kukoc
earlac01,2,Acie Earl
lynchge01,2,George Lynch
grahagr01,2,Greg Graham
kiddwa01,2,Warren Kidd
davisbr02,2,Brian Davis
blounco01,2,Corie Blount
russebr01,2,Bryon Russell
cassesa01,2,Sam Cassell
cheanca01,2,Calbert Cheaney
deherte01,2,Terry Dehere
wesleda01,2,David Wesley
robinja02,2,James Robinson
peplomi01,2,Mike Peplowski
muresgh01,2,Gheorghe Muresan
martibo01,2,Bob Martin
grantjo01,3,Josh Grant
burresc01,2,Scott Burrell
ellisha01,2,Harold Ellis
bradlsh01,2,Shawn Bradley
waltere01,2,Rex Walters
rileyer01,2,Eric Riley
johnser02,2,Ervin Johnson
whitnch01,2,Chris Whitney
meeda01,2,Darnell Mee
outlabo01,2,Bo Outlaw
haskisc01,2,Scott Haskin
harvean01,2,Antonio Harvey
jordare01,2,Reggie Jordan
burnsev01,3,Evers Burns
mackema01,3,Malcolm Mackey
madkige01,2,Gerald Madkins
mornida01,3,Darren Morningstar
petruri01,2,Richard Petruska
hurlebo01,2,Bobby Hurley
jacksst01,2,Stanley Jackson
edwardo01,2,Doug Edwards
wrighlu01,2,Luther Wright
kingch01,2,Chris King
thompke01,2,Kevin Thompson
towerke01,2,Keith Tower
wenstma01,2,Matt Wenstrom
currymi01,1,Michael Curry
gazean01,3,Andrew Gaze
alexaga01,3,Gary Alexander
fordal01,3,Alphonso Ford
jordaad01,2,Adonis Jordan
williaa01,2,Aaron Williams
guibean01,2,Andres Guibert
henrysk01,3,Skeeter Henry
graceri01,2,Ricky Grace
jentch01,2,Chris Jent
edwarbi01,2,Bill Edwards
dempsde01,2,Dell Demps
gallach01,2,Chad Gallagher
hammige01,2,Geert Hammink
smithmi02,2,Michael Smith
roseja01,1,Jalen Rose
piatker01,2,Eric Piatkowski
murrala01,1,Lamond Murray
grantbr01,2,Brian Grant
robingl01,2,Glenn Robinson
wrighsh01,2,Sharone Wright
kiddja01,1,Jason Kidd
persowe01,2,Wesley Person
montrer01,1,Eric Montross
hillgr01,1,Grant Hill
reevekh01,2,Khalid Reeves
roziecl01,2,Clifford Rozier
howarju01,2,Juwan Howard
jonesed02,2,Eddie Jones
alstode01,2,Derrick Alston
minorgr01,2,Greg Minor
tuckean01,3,Anthony Tucker
watsoja01,2,Jamie Watson
simpkdi01,2,Dickey Simpkins
dumasto01,2,Tony Dumas
tylerbj01,3,B.J. Tyler
mcilvji01,2,Jim McIlvaine
curlebi01,2,Bill Curley
childch01,1,Chris Childs
ruffitr01,2,Trevor Ruffin
rogerca01,2,Carlos Rogers
millean01,2,Anthony Miller
hancoda01,2,Darrin Hancock
mobleer01,3,Eric Mobley
mckieaa01,2,Aaron McKie
breauti01,2,Tim Breaux
willimo01,2,Monty Williams
mortodw01,3,Dwayne Morton
marshdo01,1,Donyell Marshall
thompbr01,2,Brooks Thompson
tabakza01,2,Zan Tabak
lorthry01,3,Ryan Lorthridge
martida01,2,Darrick Martin
eisleho01,2,Howard Eisley
newbiiv01,2,Ivano Newbill
fishma01,2,Matt Fish
slatere01,1,Reggie Slater
nwosuju01,3,Julius Nwosu
wingfdo01,2,Dontonio Wingfield
langan02,1,Antonio Lang
jonesas01,2,Askia Jones
wardch01,2,Charlie Ward
bazarse01,2,Sergei Bazarevich
harmoje01,3,Jerome Harmon
blackja01,2,James Blackwell
swinsaa01,2,Aaron Swinson
vinsofr01,2,Fred Vinson
stricma01,2,Mark Strickland
benneel01,2,Elmer Bennett
phelpde01,3,Derrick Phelps
armstda01,1,Darrell Armstrong
recasel01,2,Eldridge Recasner
hovasto01,2,Tom Hovasse
dareyi01,2,Yinka Dare
finlemi01,2,Michael Finley
smithjo02,2,Joe Smith
garneke01,2,Kevin Garnett
edneyty01,2,Tyus Edney
surabo01,2,Bob Sura
barrybr01,2,Brent Barry
hendeal01,2,Alan Henderson
reevebr01,2,Bryant Reeves
mcdyean01,2,Antonio McDyess
ratlith01,2,Theo Ratliff
thomaku01,2,Kurt Thomas
sabonar01,2,Arvydas Sabonis
meyerlo01,2,Loren Meyer
stackje01,2,Jerry Stackhouse
zidekge01,2,George Zidek
stoudda01,2,Damon Stoudamire
trentga01,2,Gary Trent
reiddo01,2,Don Reid
wallara01,2,Rasheed Wallace
willier01,2,Eric Williams
parksch02,2,Cherokee Parks
obanned01,2,Ed O'Bannon
respesh01,2,Shawn Respert
kingji02,2,Jimmy King
burroju01,2,Junior Burrough
alexaco01,2,Cory Alexander
carrch01,2,Chris Carr
besttr01,1,Travis Best
ostergr01,2,Greg Ostertag
davisma02,2,Mark Davis
caffeja01,2,Jason Caffey
amayaas01,2,Ashraf Amaya
braggma01,2,Marques Bragg
willico02,1,Corliss Williamson
roelo01,2,Lou Roe
motenla01,2,Lawrence Moten
snower01,2,Eric Snow
goldwan01,2,Anthony Goldwire
allenje01,2,Jerome Allen
marshdo02,2,Donny Marshall
renchte01,2,Terrence Rencher
vaughda02,2,David Vaughn
esposvi01,2,Vincenzo Esposito
lenarvo01,1,Voshon Lenard
manniri01,3,Rich Manning
amaecjo01,2,John Amaechi
fordsh01,3,Sherell Ford
childra01,2,Randolph Childress
mundtto01,3,Todd Mundt
declean01,2,Andrew DeClercq
danilsa01,2,Sasha Danilovic
bennema01,2,Mario Bennett
lewisma01,2,Martin Lewis
vandelo01,2,Logan Vander Velden
hoibefr01,2,Fred Hoiberg
cvetkra01,2,Rastko Cvetkovic
mcdancl01,2,Clint McDaniel
hamilth01,2,Thomas Hamilton
webstje01,3,Jeff Webster
bookeme01,2,Melvin Booker
johnsda02,2,Darryl Johnson
whitfdw01,2,Dwayne Whitfield
boycedo01,2,Donnie Boyce
ruscost01,3,Stefano Rusconi
kingfr01,3,Frankie King
cokerjo01,2,John Coker
nathaho01,3,Howard Nathan
beckco01,2,Corey Beck
marticu01,3,Cuonzo Martin
heggsal01,2,Alvin Heggs
churcro01,2,Robert Churchwell
lewisce01,3,Cedric Lewis
claxtch01,2,Charles Claxton
sykesla01,2,Larry Sykes
malonma01,2,Matt Maloney
kittlke01,2,Kerry Kittles
allenra02,2,Ray Allen
walkean02,2,Antoine Walker
rogerro02,2,Roy Rogers
fishede01,2,Derek Fisher
abdursh01,2,Shareef Abdur-Rahim
potapvi01,2,Vitaly Potapenko
wrighlo02,2,Lorenzen Wright
iversal01,2,Allen Iverson
fulleto02,2,Todd Fuller
dampier01,2,Erick Dampier
bryanko01,2,Kobe Bryant
knightr01,2,Travis Knight
szabobr01,2,Brett Szabo
wallajo01,1,John Wallace
garrede01,2,Dean Garrett
marbust01,2,Stephon Marbury
andersh01,2,Shandon Anderson
nashst01,1,Steve Nash
livinra01,2,Randy Livingston
cambyma01,2,Marcus Camby
delkto01,2,Tony Delk
owesra01,2,Ray Owes
harriot01,2,Othella Harrington
rosema01,2,Malik Rose
onealje01,2,Jermaine O'Neal
healsh01,2,Shane Heal
walkesa01,2,Samaki Walker
robinch01,2,Chris Robinson
gearyre01,2,Reggie Geary
feickja01,2,Jamie Feick
bradtma01,3,Mark Bradtke
laudepr01,2,Priest Lauderdale
hamda01,2,Darvin Ham
hamerst01,2,Steve Hamer
mccarwa01,2,Walter McCarty
wallabe01,2,Ben Wallace
willije01,1,Jerome Williams
muursma01,2,Martin Muursepp
hawkimi01,2,Michael Hawkins
hendrma01,2,Mark Hendrickson
stricer01,2,Erick Strickland
whitedo01,2,Donald Whiteside
salvake01,2,Kevin Salvadori
brownma01,2,Marcus Brown
davisbe01,2,Ben Davis
llamaho01,2,Horacio Llamas Grey
mccasam01,2,Amal McCaskill
scottsh01,2,Shawnelle Scott
scottbr01,2,Brent Scott
driggna01,2,Nate Driggers
evansbr01,2,Brian Evans
davisem01,2,Emanual Davis
mcinnje01,1,Jeff McInnis
smithst02,2,Stevin Smith
boneyde01,2,Dexter Boney
djordal01,2,Aleksandar Djordjevic
nembhru01,2,Ruben Nembhard
scottja01,2,James Scott
norrimo01,2,Moochie Norris
sasseja01,3,Jason Sasser
grayev01,3,Evric Gray
carruji01,3,Jimmy Carruth
nickega01,3,Gaylon Nickerson
grayde01,2,Devin Gray
steigma01,3,Matt Steigenga
stephjo01,2,Joe Stephens
bowenbr01,2,Bruce Bowen
duncati01,2,Tim Duncan
hendece02,2,Cedric Henderson
ilgauzy01,2,Zydrunas Ilgauskas
stewami01,1,Michael Stewart
fortsda01,2,Danny Fortson
mercero01,1,Ron Mercer
knighbr01,2,Brevin Knight
thomati01,2,Tim Thomas
johnsan02,1,Anthony Johnson
daniean01,2,Antonio Daniels
catoke01,2,Kelvin Cato
tayloma01,2,Maurice Taylor
jacksbo01,2,Bobby Jackson
anderde01,2,Derek Anderson
washier01,2,Eric Washington
battito01,2,Tony Battie
mcgratr01,1,Tracy McGrady
vanhoke01,2,Keith Van Horn
abdulta01,2,Tariq Abdul-Wahad
rhodero01,2,Rodrick Rhodes
closske01,2,Keith Closs
foylead01,2,Adonal Foyle
fundela01,2,Lawrence Funderburke
billuch01,2,Chauncey Billups
vaughja01,1,Jacque Vaughn
willial02,1,Alvin Williams
anstech01,2,Chris Anstey
crawfch01,2,Chris Crawford
wellsbu01,3,Bubba Wells
willitr01,2,Travis Williams
brunsri01,2,Rick Brunson
garnech01,2,Chris Garner
honeyje01,2,Jerald Honeycutt
parkean01,2,Anthony Parker
wheatde01,2,DeJuan Wheat
pollasc01,2,Scot Pollard
milicma01,2,Marko Milic
thomajo02,1,John Thomas
obannch01,2,Charles O'Bannon
grayed01,2,Ed Gray
garriki01,2,Kiwane Garris
popema01,2,Mark Pope
barrydr01,2,Drew Barry
farmeto01,2,Tony Farmer
croshau01,2,Austin Croshere
smithch04,2,Charles Smith
collija01,2,James Collins
shammgo01,2,God Shammgod
ollieke01,2,Kevin Ollie
lawsoja01,2,Jason Lawson
jonesdo01,2,Dontae' Jones
stewake01,3,Kebu Stewart
larueru01,2,Rusty LaRue
nordgje01,2,Jeff Nordgaard
taylojo01,2,Johnny Taylor
grimmde01,2,Derek Grimm
willibr01,2,Brandon Williams
cottoja02,2,James Cotton
hansore01,2,Reggie Hanson
hudsotr01,2,Troy Hudson
boothke01,2,Keith Booth
cunniwi01,2,William Cunningham
bohanet01,2,Etdrick Bohannon
stokeed01,2,Ed Stokes
sealssh01,3,Shea Seals
mcdonmi01,2,Michael McDonald
hughela01,2,Larry Hughes
cartevi01,0,Vince Carter
harprma01,2,Matt Harpring
davidko01,1,Kornel David
dickemi01,2,Michael Dickerson
willija02,1,Jason Williams
nesbyty01,2,Tyrone Nesby
bibbymi01,2,Mike Bibby
moblecu01,2,Cuttino Mobley
doleami01,2,Michael Doleac
traylro01,2,Robert Traylor
piercpa01,2,Paul Pierce
stojape01,2,Peja Stojakovic
jamisan01,2,Antawn Jamison
nowitdi01,1,Dirk Nowitzki
lopezfe01,2,Felipe Lopez
davisri01,2,Ricky Davis
olowomi01,2,Michael Olowokandi
carrco01,2,Cory Carr
garripa01,2,Pat Garrity
millebr01,2,Brad Miller
pattean01,3,Andrae Patterson
mcleoro01,2,Roshown McLeod
drewbr01,2,Bryce Drew
brownge02,2,Gerald Brown
benjaco01,2,Corey Benjamin
hendejr01,3,J.R. Henderson
jonesch03,2,Charles Jones
clarkke01,1,Keon Clark
jacksra02,2,Randell Jackson
baileto01,2,Toby Bailey
mohamna01,2,Nazr Mohammed
mccoyje01,1,Jelani McCoy
garnema01,2,Marlon Garnett
patteru01,2,Ruben Patterson
stepavl01,2,Vladimir Stepania
harrial01,2,Al Harrington
skinnbr01,2,Brian Skinner
lewisra02,1,Rashard Lewis
whiteja01,2,Jahidi White
kingge02,2,Gerard King
stackry01,2,Ryan Stack
sheppje01,2,Jeff Sheppard
boykiea01,2,Earl Boykins
jamesje01,2,Jerome James
luety01,2,Tyronn Lue
jonesda01,2,Damon Jones
lafrera01,2,Raef LaFrentz
shawca01,3,Casey Shaw
marksse01,1,Sean Marks
wellsbo01,2,Bonzi Wells
simonmi01,2,Miles Simon
ndiayma01,3,Makhtar N'Diaye
simsal01,2,Alvin Sims
grantpa01,2,Paul Grant
youngko01,2,Korleone Young
sundobr01,2,Bruno Sundov
willish01,2,Shammond Williams
mccarke01,2,Kelly McCarty
jacobsa01,2,Sam Jacobson
alumape01,2,Peter Aluma
mooremi01,1,Mikki Moore
nestera01,2,Rasho Nesterovic
wheelty01,2,Tyson Wheeler
wintetr01,3,Trevor Winter
kernejo01,2,Jonathan Kerner
bakerla01,1,LaMark Baker
davisba01,2,Baron Davis
millean02,2,Andre Miller
atkinch01,2,Chucky Atkins
terryja01,1,Jason Terry
poseyja01,2,James Posey
brandel01,1,Elton Brand
cartean01,2,Anthony Carter
francst01,2,Steve Francis
maggeco01,2,Corey Maggette
odomla01,1,Lamar Odom
cummivo01,2,Vonteego Cummings
lewisqu01,2,Quincy Lewis
szczewa02,2,Wally Szczerbiak
artesro01,2,Metta World Peace
griffad01,2,Adrian Griffin
thomake01,2,Kenny Thomas
ruffimi01,2,Michael Ruffin
hamilri01,2,Richard Hamilton
robined01,2,Eddie Robinson
averywi01,2,William Avery
maccuto01,2,Todd MacCulloch
palacmi01,1,Milt Palacio
bowenry01,2,Ryan Bowen
mariosh01,1,Shawn Marion
georgde01,2,Devean George
buckngr01,2,Greg Buckner
padgesc01,1,Scott Padgett
bowdlca01,2,Cal Bowdler
herrech01,2,Chris Herren
ekeziob01,2,Obinna Ekezie
buforro01,1,Rodney Buford
jonesju01,2,Jumaine Jones
profila01,2,Laron Profit
eschmev01,2,Evan Eschmeyer
glovedi01,2,Dion Glover
alstora01,1,Rafer Alston
willode01,2,Dedric Willoughby
youngti01,2,Tim Young
bendejo01,2,Jonathan Bender
hugheri02,2,Rick Hughes
fosteje01,2,Jeff Foster
borrela01,2,Lazaro Borrell
ketnela01,2,Lari Ketner
celesjo01,3,John Celestand
jamisha01,2,Harold Jamison
bowmair01,2,Ira Bowman
boothca01,2,Calvin Booth
langdtr01,2,Trajan Langdon
turkcmi01,2,Mirsad Turkcan
dialde01,2,Derrick Dial
bramlaj01,2,A.J. Bramlett
jacksje01,1,Jermaine Jackson
johnsde02,2,DeMarco Johnson
thomaja01,2,Jamel Thomas
jamesti01,2,Tim James
radojal01,1,Aleksandar Radojevic
turnewa01,3,Wayne Turner
hoodde01,3,Derek Hood
miskija01,3,Jason Miskiri
roberry01,2,Ryan Robertson
millemi01,2,Mike Miller
milesda01,2,Darius Miles
swiftst01,2,Stromile Swift
petermo01,1,Morris Peterson
cleavma01,2,Mateen Cleaves
masonde01,2,Desmond Mason
johnsde03,2,DerMarr Johnson
jacksst02,2,Stephen Jackson
richaqu01,2,Quentin Richardson
doolike01,1,Keyon Dooling
turkohe01,2,Hedo Turkoglu
magloja01,1,Jamaal Magloire
mottoha01,2,Hanno Mottola
fizerma01,2,Marcus Fizer
madsema01,2,Mark Madsen
martike01,2,Kenyon Martin
blounma01,2,Mark Blount
crawfja01,2,Jamal Crawford
mihmch01,2,Chris Mihm
tsakaja01,2,Jake Tsakalidis
santida01,2,Daniel Santiago
penbemi01,2,Mike Penberthy
portech01,2,Chris Porter
houseed01,1,Eddie House
elamikh01,2,Khalid El-Amin
jacksma02,1,Marc Jackson
tarladr01,2,Dragan Tarlac
nailole01,2,Lee Nailon
najered01,1,Eduardo Najera
stevede01,2,DeShawn Stevenson
alexaco02,2,Courtney Alexander
bagarda01,2,Dalibor Bagaric
wolkoru01,2,Ruben Wolkowyski
samakso01,2,Soumaila Samake
guytoaj01,2,A.J. Guyton
mcphepa01,2,Paul McPherson
przybjo01,2,Joel Przybilla
langhda01,2,Dan Langhi
oyedeol01,2,Olumide Oyedeji
newblir01,2,Ira Newble
postela01,2,Lavor Postell
sanchpe01,2,Pepe Sanchez
moisoje01,1,Jerome Moiso
collija02,2,Jason Collier
vanteda01,3,David Vanterpool
harvedo01,1,Donnell Harvey
smithmi03,3,Mike Smith
voskuja01,2,Jake Voskuhl
cardibr01,1,Brian Cardinal
goodrst01,2,Steve Goodrich
colsose01,2,Sean Colson
garceru01,2,Ruben Garces
smithja01,1,Jabari Smith
longar01,2,Art Long
gilled01,1,Eddie Gill
barkler01,2,Erick Barkley
medvest01,2,Stanislav Medvedenko
reddmi01,2,Michael Redd
mcclida01,2,Dan McClintock
robinja03,2,Jamal Robinson
bellra01,2,Raja Bell
zhizhwa01,2,Wang Zhizhi
ndiayma02,1,Mamadou N'Diaye
roberte01,2,Terrance Roberson
hamilze01,1,Zendon Hamilton
josepga01,1,Garth Joseph
pankoan01,2,Andy Panko
hartja01,2,Jason Hart
murphtr01,1,Troy Murphy
gasolpa01,2,Pau Gasol
kirilan01,2,Andrei Kirilenko
richaja01,2,Jason Richardson
tinslja01,2,Jamaal Tinsley
jefferi01,1,Richard Jefferson
hassetr01,1,Trenton Hassell
battish01,2,Shane Battier
collija04,1,Jason Collins
parketo01,2,Tony Parker
rebraze01,2,Zeljko Rebraca
griffed01,2,Eddie Griffin
curryed01,1,Eddy Curry
chandty01,2,Tyson Chandler
collija03,2,Jarron Collins
morrite01,2,Terence Morris
claxtsp01,2,Speedy Claxton
torreos01,2,Oscar Torres
drobnpr01,2,Predrag Drobnjak
watsoea01,2,Earl Watson
solomwi01,2,Will Solomon
haywobr01,1,Brendan Haywood
radmavl01,2,Vladimir Radmanovic
woodslo01,2,Loren Woods
brownkw01,2,Kwame Brown
wallage01,2,Gerald Wallace
huntest01,2,Steven Hunter
fordal02,2,Alton Ford
johnsjo02,2,Joe Johnson
arenagi01,2,Gilbert Arenas
thomaet01,2,Etan Thomas
randoza01,1,Zach Randolph
brownti01,2,Tierre Brown
satteke01,2,Kenny Satterfield
armstbr01,2,Brandon Armstrong
dalemsa01,1,Samuel Dalembert
boumtru01,2,Ruben Boumtje-Boumtje
simmobo01,1,Bobby Simmons
brownke01,2,Kedrick Brown
scalabr01,1,Brian Scalabrine
fotsian01,2,Antonis Fotsis
bateeme01,1,Mengke Bateer
bradlmi01,1,Michael Bradley
anderch01,1,Chris Andersen
jonesal01,2,Alvin Jones
fowlktr01,2,Tremaine Fowlkes
brezepr01,2,Primoz Brezec
arroyca01,2,Carlos Arroyo
olivede01,2,Dean Oliver
diopde01,2,DeSagana Diop
brownda02,1,Damone Brown
whitero02,2,Rodney White
hastoki01,2,Kirk Haston
jamesmi01,1,Mike James
crispjo01,2,Joe Crispin
smithle01,2,Leon Smith
breweja01,2,Jamison Brewer
trepaje01,2,Jeff Trepagnier
allenma01,1,Malik Allen
evansma01,2,Maurice Evans
hamilta01,2,Tang Hamilton
sesayan01,2,Ansu Sesay
fortejo01,2,Joseph Forte
richano01,2,Norm Richardson
sasseje01,2,Jeryl Sasser
fontais01,2,Isaac Fontaine
bellch01,2,Charlie Bell
browner01,2,Ernest Brown
vardara01,2,Ratko Varda
dunlemi02,2,Mike Dunleavy
mingya01,2,Yao Ming
harriju01,2,Junior Harrington
stoudam01,2,Amar'e Stoudemire
tskitni01,2,Nikoloz Tskitishvili
boozeca01,2,Carlos Boozer
hilarne01,2,Nene Hilario
butleca01,2,Caron Butler
rushka01,2,Kareem Rush
batismi01,2,Mike Batiste
willija03,2,Jay Williams
jacobca01,2,Casey Jacobsen
okurme01,2,Mehmet Okur
butlera01,2,Rasual Butler
ginobma01,2,Manu Ginobili
evansre01,2,Reggie Evans
parkesm01,2,Smush Parker
jaricma01,2,Marko Jaric
bremejr01,2,J.R. Bremer
salmojo01,2,John Salmons
burkepa01,2,Pat Burke
yarbrvi01,2,Vincent Yarbrough
hawkiju01,2,Juaquin Hawkins
baxtelo01,1,Lonny Baxter
woodsqy01,2,Qyntel Woods
elyme01,2,Melvin Ely
jeffech01,1,Chris Jefferies
goodedr01,2,Drew Gooden
dickada01,2,Dan Dickau
gadzuda01,2,Dan Gadzuric
giricgo01,2,Gordan Giricek
wagneda02,2,Dajuan Wagner
wilcoch01,2,Chris Wilcox
princta01,1,Tayshaun Prince
dixonju01,2,Juan Dixon
rakocig01,2,Igor Rakocevic
haislma01,2,Marcus Haislip
welscji01,2,Jiri Welsch
slayta01,2,Tamar Slay
lamplse01,2,Sean Lampley
humphry01,2,Ryan Humphrey
rentzef01,3,Efthimi Rentzias
pargoja01,2,Jannero Pargo
wilksmi01,2,Mike Wilks
savovpr01,2,Predrag Savovic
willifr02,2,Frank Williams
jeffrja01,2,Jared Jeffries
jonesfr01,2,Fred Jones
masonro01,1,Roger Mason
johnske03,2,Ken Johnson
bastoma01,1,Maceo Baston
trybace01,2,Cezary Trybanski
nachbbo01,1,Bostjan Nachbar
harriad01,2,Adam Harrington
archiro01,1,Robert Archibald
murraro01,2,Ronald Murray
rigauan01,2,Antoine Rigaudeau
maddoti01,2,Tito Maddox
huffmna01,1,Nate Huffman
brownde02,2,Devin Brown
sampsja01,2,Jamal Sampson
ruckegu01,2,Guy Rucker
shirlpa01,2,Paul Shirley
owensch01,2,Chris Owens
lopezra01,2,Raul Lopez
anthoca01,2,Carmelo Anthony
kamanch01,1,Chris Kaman
banksma01,2,Marcus Banks
pavloal01,2,Sasha Pavlovic
jamesle01,2,LeBron James
hinriki01,2,Kirk Hinrich
diawbo01,2,Boris Diaw
blakest01,2,Steve Blake
hasleud01,2,Udonis Haslem
boshch01,1,Chris Bosh
korveky01,2,Kyle Korver
boganke01,2,Keith Bogans
songada01,2,Darius Songaila
waltolu01,2,Luke Walton
westda01,2,David West
barbole01,2,Leandro Barbosa
hayesja01,1,Jarvis Hayes
ridnolu01,2,Luke Ridnour
howarjo01,2,Josh Howard
elsonfr01,2,Francisco Elson
wadedw01,2,Dwyane Wade
pachuza01,2,Zaza Pachulia
willima01,2,Mo Williams
daniema01,2,Marquis Daniels
fordtj01,2,T.J. Ford
frahmri01,2,Richie Frahm
pietrmi01,1,Mickael Pietrus
greenwi01,2,Willie Green
cabarza01,2,Zarko Cabarkapa
planizo01,1,Zoran Planinic
duprero01,2,Ronald Dupree
sweetmi01,2,Mike Sweetney
kaponja01,2,Jason Kapono
hansetr01,2,Travis Hansen
johnsli01,2,Linton Johnson
gainere01,2,Reece Gaines
barnema02,1,Matt Barnes
huntebr01,2,Brandon Hunter
cookbr01,2,Brian Cook
milicda01,2,Darko Milicic
mcleoke01,2,Keith McLeod
lampema01,2,Maciej Lampe
jonesda02,1,Dahntay Jones
smithth01,2,Theron Smith
johnsbr01,2,Britton Johnsen
ebind01,2,Ndudi Ebi
handlbe01,2,Ben Handlogten
cookom01,2,Omar Cook
borchcu01,2,Curtis Borchardt
carroma01,2,Matt Carroll
braggto01,2,Torraye Braggs
penigde01,2,Desmond Penigar
perkike01,2,Kendrick Perkins
outlatr01,2,Travis Outlaw
fergude01,2,Desmond Ferguson
jonesja02,2,James Jones
cartema01,2,Maurice Carter
belltr01,2,Troy Bell
davisjo02,2,Josh Davis
fullehi01,2,Hiram Fuller
udokaim01,2,Ime Udoka
dickeka01,1,Kaniel Dickens
penneki01,2,Kirk Penney
beaslje01,2,Jerome Beasley
garcial01,2,Alex Garcia
vranesl01,2,Slavko Vranes
duhonch01,2,Chris Duhon
howardw01,1,Dwight Howard
iguodan01,2,Andre Iguodala
bonnema01,2,Matt Bonner
gordobe01,2,Ben Gordon
collini01,2,Nick Collison
nocioan01,2,Andres Nocioni
udrihbe01,1,Beno Udrih
childjo01,1,Josh Childress
arizatr01,2,Trevor Ariza
nelsoja01,1,Jameer Nelson
rossqu01,2,Quinton Ross
allento01,1,Tony Allen
harride01,1,Devin Harris
smithjr01,2,J.R. Smith
krstine01,1,Nenad Krstic
smithjo03,2,Josh Smith
okafoem01,2,Emeka Okafor
jeffeal01,2,Al Jefferson
snydeki01,2,Kirk Snyder
telfase01,2,Sebastian Telfair
humphkr01,2,Kris Humphries
iveyro01,2,Royal Ivey
denglu01,2,Luol Deng
araujra01,2,Rafael Araujo
varejan01,2,Anderson Varejao
martike02,2,Kevin Martin
kasunma01,2,Mario Kasun
harrida01,2,David Harrison
westde01,1,Delonte West
smithdo04,2,Donta Smith
vromaja01,2,Jackson Vroman
chalmli01,2,Lionel Chalmers
vujacsa01,2,Sasha Vujacic
khryavi01,2,Viktor Khryapa
robinbe01,2,Bernard Robinson
delfica01,2,Carlos Delfino
biedran01,2,Andris Biedrins
livinsh01,2,Shaun Livingston
wilkida02,2,Damien Wilkins
sowpa01,2,Pape Sow
barrean01,2,Andre Barrett
edwarjo01,2,John Edwards
thomabi01,1,Billy Thomas
burksan01,2,Antonio Burks
reedju01,2,Justin Reed
freijma01,2,Matt Freije
danieer01,2,Erik Daniels
reineja01,2,Jared Reiner
seungha01,2,Ha Seung-Jin
swiftro01,2,Robert Swift
florelu01,2,Luis Flores
mbengdj01,2,Didier Ilunga-Mbenga
jenkiho01,2,Horace Jenkins
jackslu02,2,Luke Jackson
edwarco01,2,Corsley Edwards
jonesma03,2,Mark Jones
storeaw01,1,Awvee Storey
thomaja02,2,James Thomas
emmetan01,2,Andre Emmett
ramospe01,2,Peter John Ramos
carlige01,2,Geno Carlisle
podkopa01,2,Pavel Podkolzin
kutluib01,2,Ibo Kutluay
tabusyu01,2,Yuta Tabuse
bakerma01,2,Maurice Baker
butleja01,2,Jackie Butler
wrighdo01,2,Dorell Wright
bobbito01,2,Tony Bobbitt
knighbr02,2,Brandin Knight
bogutan01,2,Andrew Bogut
villach01,2,Charlie Villanueva
headlu01,2,Luther Head
feltora01,2,Raymond Felton
grahajo01,2,Joey Graham
greenor01,2,Orien Greene
willide01,2,Deron Williams
jackja01,2,Jarrett Jack
willima02,2,Marvin Williams
mccanra01,2,Rashad McCants
paulch01,2,Chris Paul
grangda01,2,Danny Granger
jasiksa01,2,Sarunas Jasikevicius
robinna01,2,Nate Robinson
dioguik01,2,Ike Diogu
warriha01,1,Hakim Warrick
petrojo01,2,Johan Petro
garcifr01,2,Francisco Garcia
leeda02,2,David Lee
ewingda01,2,Daniel Ewing
fryech01,1,Channing Frye
caldejo01,1,Jose Calderon
webstma02,2,Martell Webster
stoudsa01,2,Salim Stoudamire
kleizli01,2,Linas Kleiza
gomesry01,2,Ryan Gomes
singlja01,2,James Singleton
obertfa01,2,Fabricio Oberto
batises01,2,Esteban Batista
randosh01,2,Shavlik Randolph
taylodo01,2,Donell Taylor
ellismo01,1,Monta Ellis
bynuman01,2,Andrew Bynum
simiewa01,2,Wayne Simien
hayesch01,2,Chuck Hayes
wrighan01,1,Antoine Wright
burleke01,3,Kevin Burleson
poweljo01,2,Josh Powell
anderal01,2,Alan Anderson
roberla01,2,Lawrence Roberts
greenge01,2,Gerald Green
willilo02,2,Lou Williams
pricero01,2,Ronnie Price
bassbr01,1,Brandon Bass
blatcan01,2,Andray Blatche
greende01,2,Devin Green
maxieja01,2,Jason Maxiell
korolya01,2,Yaroslav Korolev
dienetr01,2,Travis Diener
whalero01,2,Robert Whaley
turiaro01,2,Ronny Turiaf
ndongbo01,2,Boniface N'Dong
moniase01,2,Sergei Monia
owensan01,2,Andre Owens
milescj01,2,C.J. Miles
mayse01,2,Sean May
marshra01,2,Rawle Marshall
schenlu01,2,Luke Schenscher
basdeed01,2,Eddie Basden
milesaa01,2,Aaron Miles
macijar01,2,Arvydas Macijauskas
fitchge01,2,Gerald Fitch
taftch01,2,Chris Taft
sandeme01,2,Melvin Sanders
wafervo01,2,Von Wafer
roberan02,2,Anthony Roberson
bynumwi01,2,Will Bynum
hodgeju01,2,Julius Hodge
jonesdw02,2,Dwayne Jones
grahast01,2,Stephen Graham
lucasjo02,2,John Lucas III
felixno01,2,Noel Felix
grundan01,2,Anthony Grundy
thompdi01,2,Dijon Thompson
barroea01,1,Earl Barron
wrighbr02,2,Bracey Wright
andrima01,2,Martynas Andriuskevicius
ackeral01,2,Alex Acker
holcora01,2,Randy Holcomb
fordsh02,2,Sharrod Ford
johnsam01,2,Amir Johnson
walshma01,2,Matt Walsh
zimmede01,1,Derrick Zimmerman
gaide01,2,Deng Gai
scaleal01,2,Alex Scales
millspa01,2,Paul Millsap
smithcr01,2,Craig Smith
foyera01,2,Randy Foye
willish02,2,Shelden Williams
willima03,1,Marcus Williams
gayru01,2,Rudy Gay
morriad01,2,Adam Morrison
rondora01,2,Rajon Rondo
farmajo01,1,Jordan Farmar
thomaty01,1,Tyrus Thomas
sefolth01,2,Thabo Sefolosha
gelabmi01,2,Mickael Gelabale
noelda01,3,David Noel
balkmre01,2,Renaldo Balkman
rodrise01,2,Sergio Rodriguez
carnero01,2,Rodney Carney
garbajo01,2,Jorge Garbajosa
ilyaser01,2,Ersan Ilyasova
bargnan01,2,Andrea Bargnani
diawaya01,2,Yakhouba Diawara
powele01,2,Leon Powe
aldrila01,2,LaMarcus Aldridge
adamsha01,1,Hassan Adams
boonejo01,1,Josh Boone
gibsoda01,2,Daniel Gibson
johnsal01,2,Alexander Johnson
jonesso01,2,Solomon Jones
roybr01,2,Brandon Roy
armsthi01,2,Hilton Armstrong
brewero02,2,Ronnie Brewer
collima01,2,Mardy Collins
brownde03,2,Dee Brown
kinseta01,2,Tarence Kinsey
herrmwa01,2,Walter Herrmann
rayal01,2,Allan Ray
willish03,2,Shawne Williams
jonesbo02,2,Bobby Jones
simmoce01,2,Cedric Simmons
quinnch01,2,Chris Quinn
redicjj01,1,J.J. Redick
doubyqu01,2,Quincy Douby
greerly01,3,Lynn Greer
azubuke01,1,Kelenna Azubuike
brownan01,2,Andre Brown
novakst01,2,Steve Novak
bareajo01,2,J.J. Barea
agerma01,1,Maurice Ager
davispa01,2,Paul Davis
spanova01,2,Vassilis Spanoulis
markoda01,3,Damir Markota
senesa01,2,Mouhamed Sene
holliry01,1,Ryan Hollins
williju01,2,Justin Williams
bozemce01,2,Cedric Bozeman
brownsh01,2,Shannon Brown
slokaur01,2,Uros Slokar
tuckepj01,2,P.J. Tucker
obryapa01,2,Patrick O'Bryant
blalowi01,2,Will Blalock
vincima01,2,Marcus Vinicius
glynian01,2,Andreas Glyniadakis
mensapo01,2,Pops Mensah-Bonsu
hitero01,2,Robert Hite
langja01,2,James Lang
mcfariv01,2,Ivan McFarlin
lowryky01,2,Kyle Lowry
amundlo01,2,Lou Amundson
farmede01,2,Desmon Farmer
smithst03,2,Steven Smith
pinknke01,2,Kevinn Pinkney
whiteja02,2,James White
richaje01,2,Jeremy Richardson
morrira01,2,Randolph Morris
mccrach01,3,Chris McCray
ilicmi01,1,Mile Ilic
conrowi01,2,Will Conroy
powelro01,3,Roger Powell
hallmi01,2,Mike Hall
augusja01,2,James Augustine
majorre01,2,Renaldo Major
navarju01,2,Juan Carlos Navarro
scolalu01,2,Luis Scola
horfoal01,2,Al Horford
duranke01,2,Kevin Durant
greenje02,1,Jeff Green
thornal01,2,Al Thornton
breweco01,2,Corey Brewer
moonja01,2,Jamario Moon
smithja02,2,Jason Smith
youngni01,2,Nick Young
afflaar01,2,Arron Afflalo
noahjo01,2,Joakim Noah
youngth01,2,Thaddeus Young
willise01,1,Sean Williams
dudleja01,1,Jared Dudley
hawessp01,2,Spencer Hawes
mcguido01,2,Dominic McGuire
davisgl01,2,Glen Davis
jianlyi01,1,Yi Jianlian
westma02,2,Mario West
grayaa01,2,Aaron Gray
cookda02,2,Daequan Cook
stuckro01,2,Rodney Stuckey
wrighju01,2,Julian Wright
lawac01,2,Acie Law
conlemi01,1,Mike Conley
richach01,2,Chris Richard
brookaa01,2,Aaron Brooks
landrca01,2,Carl Landry
davidje01,2,Jermareo Davidson
wrighbr03,1,Brandan Wright
pecheol01,2,Oleksiy Pecherov
chandwi01,2,Wilson Chandler
belinma01,2,Marco Belinelli
strawdj01,2,D.J. Strawberry
watsocj01,2,C.J. Watson
crittja01,2,Javaris Crittenton
anthojo01,2,Joel Anthony
fazekni01,2,Nick Fazekas
washida01,2,Darius Washington
karlco01,2,Coby Karl
sessira01,2,Ramon Sessions
harrimi01,2,Mike Harris
lasmest01,2,Stephane Lasme
pruitga01,2,Gabe Pruitt
ahearbl01,2,Blake Ahearn
nichode01,2,Demetris Nichols
powelka01,2,Kasib Powell
almonmo01,2,Morris Almond
fesenky01,2,Kyrylo Fesenko
watkida01,2,Darryl Watkins
greenta01,2,Taurean Green
mcrobjo01,2,Josh McRoberts
perovko01,2,Kosta Perovic
tuckeal02,2,Alando Tucker
diazgu01,2,Guillermo Diaz
gortama01,1,Marcin Gortat
mahinia01,1,Ian Mahinmi
gardnth01,2,Thomas Gardner
sambch01,2,Cheikh Samb
allrela01,2,Lance Allred
simsco01,2,Courtney Sims
langfke01,2,Keith Langford
gasolma01,1,Marc Gasol
chalmma01,1,Mario Chalmers
mayooj01,1,O.J. Mayo
thompja02,2,Jason Thompson
mbahalu01,2,Luc Mbah a Moute
lopezbr01,1,Brook Lopez
westbru01,2,Russell Westbrook
loveke01,2,Kevin Love
beaslmi01,2,Michael Beasley
rosede01,2,Derrick Rose
batumni01,2,Nicolas Batum
speigma01,2,Marreese Speights
fernaru01,2,Rudy Fernandez
gordoer01,2,Eric Gordon
leeco01,1,Courtney Lee
hillge01,1,George Hill
arthuda01,2,Darrell Arthur
rushbr01,2,Brandon Rush
mcgeeja01,2,JaVale McGee
augusdj01,2,D.J. Augustin
ukicro01,2,Roko Ukic
hibbero01,2,Roy Hibbert
morroan01,2,Anthony Morrow
anderry01,1,Ryan Anderson
randoan01,2,Anthony Randolph
hicksjj01,2,J.J. Hickson
odengr01,2,Greg Oden
lopezro01,1,Robin Lopez
alexajo01,2,Joe Alexander
weaveky01,2,Kyle Weaver
greendo01,2,Donte Greene
dragigo01,1,Goran Dragic
bayleje01,2,Jerryd Bayless
jordade01,2,DeAndre Jordan
jacksda01,2,Darnell Jackson
taylomi01,2,Mike Taylor
koufoko01,1,Kosta Koufos
brownbo02,2,Bobby Brown
douglch01,1,Chris Douglas-Roberts
kurzro01,2,Rob Kurz
martica01,2,Cartier Martin
ajincal01,2,Alexis Ajinca
walkebi01,2,Henry Walker
gallida01,2,Danilo Gallinari
singlse01,3,Sean Singletary
haddaha01,2,Hamed Haddadi
tollian01,2,Anthony Tolliver
hunteot01,2,Othello Hunter
hairsma01,2,Malik Hairston
nelsode01,2,DeMarcus Nelson
weemsso01,2,Sonny Weems
willija04,2,Jawad Williams
yuesu01,2,Sun Yue
sharpwa01,2,Walter Sharpe
whitedj01,2,D.J. White
giddejr01,2,J.R. Giddens
jawaina01,2,Nathan Jawai
jeffedo01,3,Dontell Jefferson
johnstr01,2,Trey Johnson
dorsejo01,2,Joey Dorsey
crawfjo01,2,Joe Crawford
hillst01,2,Steven Hill
jennibr01,2,Brandon Jennings
blairde01,1,DeJuan Blair
matthwe02,2,Wesley Matthews
gibsota01,2,Taj Gibson
flynnjo01,2,Jonny Flynn
curryst01,2,Stephen Curry
jerebjo01,2,Jonas Jerebko
youngsa01,2,Sam Young
willite01,2,Terrence Williams
derozde01,2,DeMar DeRozan
casspom01,2,Omri Casspi
ellinwa01,1,Wayne Ellington
hardeja01,2,James Harden
collida01,1,Darren Collison
budinch01,2,Chase Budinger
holidjr01,2,Jrue Holiday
thornma01,2,Marcus Thornton
ibakase01,2,Serge Ibaka
evansty01,2,Tyreke Evans
teaguje01,2,Jeff Teague
carrode01,2,DeMarre Carroll
dayeau01,2,Austin Daye
thabeha01,2,Hasheem Thabeet
lawsoty01,2,Ty Lawson
johnsja01,2,James Johnson
anderda03,3,David Andersen
cunnida01,2,Dante Cunningham
huntech01,2,Chris Hunter
brownde04,2,Derrick Brown
priceaj01,2,A.J. Price
douglto01,1,Toney Douglas
beaubro01,1,Rodrigue Beaubois
maynoer01,2,Eric Maynor
brockjo01,2,Jon Brockman
clarkea01,2,Earl Clark
summeda01,2,DaJuan Summers
hendege02,2,Gerald Henderson
meeksjo01,2,Jodie Meeks
pendeje02,2,Jeff Ayres
gainesu01,2,Sundiata Gaines
tayloje02,2,Jermaine Taylor
hansbty01,2,Tyler Hansbrough
hilljo01,2,Jordan Hill
willire02,2,Reggie Williams
greenda02,2,Danny Green
landrma01,2,Marcus Landry
hudsole01,2,Lester Hudson
jeffeot01,2,Othyus Jeffers
templga01,1,Garrett Temple
mulleby01,2,Byron Mullens
geeal01,2,Alonzo Gee
millspa02,2,Patty Mills
griffta01,2,Taylor Griffin
jacksce01,2,Cedric Jackson
gildetr01,2,Trey Gilder
lafayol01,2,Oliver Lafayette
anderan02,2,Antonio Anderson
curryja01,2,JamesOn Curry
asikom01,2,Omer Asik
fieldla01,2,Landry Fields
griffbl01,2,Blake Griffin
bledser01,2,Eric Bledsoe
couside01,2,DeMarcus Cousins
aminual01,2,Al-Farouq Aminu
nealga01,2,Gary Neal
monrogr01,2,Greg Monroe
johnswe01,2,Wesley Johnson
turneev01,2,Evan Turner
haywago01,2,Gordon Hayward
vasqugr01,2,Greivis Vasquez
walljo01,2,John Wall
pondequ01,2,Quincy Pondexter
pekovni01,2,Nikola Pekovic
davised01,2,Ed Davis
booketr01,2,Trevor Booker
forbega01,2,Gary Forbes
jetereu01,2,Eugene Jeter
georgpa01,2,Paul George
sandela01,2,Larry Sanders
splitti01,2,Tiago Splitter
serapke01,2,Kevin Seraphin
udohek01,2,Ekpe Udoh
favorde01,2,Derrick Favors
harrima01,2,Manny Harris
pattepa01,2,Patrick Patterson
evansje01,2,Jeremy Evans
eyengch01,2,Christian Eyenga
uzohbe01,2,Ben Uzoh
haywala01,2,Lazar Hayward
caracde01,2,Derrick Caracter
johnsar02,2,Armon Johnson
henryxa01,2,Xavier Henry
samuesa01,2,Samardo Samuels
erdense01,2,Semih Erden
mozgoti01,2,Timofey Mozgov
bradlav01,2,Avery Bradley
linje01,1,Jeremy Lin
haranlu01,2,Luke Harangody
smithis01,2,Ish Smith
anderja01,2,James Anderson
crawfjo02,2,Jordan Crawford
jamesda01,2,Damion James
babbilu01,2,Luke Babbitt
dowdeza01,1,Zabian Dowdell
adrieje01,2,Jeff Adrien
shakumu01,2,Mustafa Shakur
silerga01,1,Garret Siler
collish01,2,Sherron Collins
ebankde01,2,Devin Ebanks
warrewi01,2,Willie Warren
jonesdo02,1,Dominique Jones
aldrico01,2,Cole Aldrich
ndiayha01,2,Hamady N'Diaye
stephla01,2,Lance Stephenson
alabiso01,2,Solomon Alabi
johnsch03,2,Chris Johnson
ewingpa02,3,Patrick Ewing
owensla01,2,Larry Owens
rautian01,2,Andy Rautins
cousima01,3,Marcus Cousin
brackcr01,2,Craig Brackins
sypa01,2,Pape Sy
pittmde01,2,Dexter Pittman
whiteha01,2,Hassan Whiteside
lawalga01,1,Gani Lawal
walkeke02,2,Kemba Walker
kanteen01,2,Enes Kanter
thompkl01,2,Klay Thompson
singlch01,2,Chris Singleton
knighbr03,2,Brandon Knight
willide02,2,Derrick Williams
thomais02,2,Isaiah Thomas
coleno01,2,Norris Cole
leonaka01,2,Kawhi Leonard
macksh01,2,Shelvin Mack
parsoch01,1,Chandler Parsons
morrima02,2,Markieff Morris
biyombi01,2,Bismack Biyombo
fredeji01,2,Jimmer Fredette
thomptr01,2,Tristan Thompson
shumpim01,2,Iman Shumpert
burksal01,2,Alec Burks
veselja01,2,Jan Vesely
johnsiv01,2,Ivan Johnson
brookma01,2,MarShon Brooks
stiemgr01,2,Greg Stiemsma
ayongu01,2,Gustavo Ayon
irvinky01,2,Kyrie Irving
vucevni01,2,Nikola Vucevic
jenkich01,2,Charles Jenkins
farieke01,2,Kenneth Faried
leuerjo01,1,Jon Leuer
jacksre01,2,Reggie Jackson
smithno01,2,Nolan Smith
pargoje01,2,Jeremy Pargo
willijo03,2,Jordan Williams
tylerje01,2,Jeremy Tyler
butleji01,2,Jimmy Butler
thomala01,2,Lance Thomas
harrito02,2,Tobias Harris
rubiori01,2,Ricky Rubio
allenla01,2,Lavoy Allen
goudean01,2,Andrew Goudelock
mooreet01,2,E'Twaun Moore
higgico01,2,Cory Higgins
harrejo01,2,Josh Harrellson
johnsja02,2,JaJuan Johnson
josepco01,2,Cory Joseph
russewa02,2,Walker Russell
selbyjo01,2,Josh Selby
hamiljo02,2,Jordan Hamilton
sloando01,2,Donald Sloan
wrighch01,2,Chris Wright
williel01,1,Elliot Williams
thomptr02,2,Trey Thompkins
macklve01,2,Vernon Macklin
stoneju01,2,Julyan Stone
harrite01,2,Terrel Harris
jordaje01,2,Jerome Jordan
morrida01,2,Darius Morris
leema01,2,Malcolm Lee
gladnmi01,2,Mickell Gladness
liggide01,2,DeAndre Liggins
morrima03,2,Marcus Morris
ortonda01,2,Daniel Orton
honeyty01,3,Tyler Honeycutt
johnsca01,2,Carldell Johnson
harpeju01,2,Justin Harper
leslitr01,2,Travis Leslie
dysonje01,2,Jerome Dyson
smithgr02,2,Greg Smith
hornede01,2,Dennis Horner
fortsco01,2,Courtney Fortson
smithje01,2,Jerry Smith
thompmy02,2,Mychel Thompson
hobsoda01,2,Darington Hobson
reidry01,3,Ryan Reid
ubileed01,2,Edwin Ubiles
dentmju01,1,Justin Dentmon
dawsoer01,2,Eric Dawson
footeje01,2,Jeff Foote
thomama01,2,Malcolm Thomas
bensoke02,2,Keith Benson
silasxa01,2,Xavier Silas
kennedj01,2,D.J. Kennedy
byarsde01,2,Derrick Byars
lillada01,2,Damian Lillard
singlky01,2,Kyle Singler
barneha02,2,Harrison Barnes
greendr01,2,Draymond Green
prigipa01,2,Pablo Prigioni
ezelife01,2,Festus Ezeli
roberbr01,2,Brian Roberts
crowdja01,1,Jae Crowder
kiddgmi01,2,Michael Kidd-Gilchrist
shvedal01,2,Alexey Shved
tayloje03,2,Jeffery Taylor
zellety01,2,Tyler Zeller
harklma01,2,Maurice Harkless
nichoan01,2,Andrew Nicholson
rosste01,2,Terrence Ross
bartowi01,2,Will Barton
decolna01,2,Nando De Colo
leoname01,2,Meyers Leonard
davisan02,2,Anthony Davis
jonesde01,2,DeQuan Jones
hensojo01,2,John Henson
valanjo01,2,Jonas Valanciunas
bazemke01,1,Kent Bazemore
waitedi01,2,Dion Waiters
jenkijo01,2,John Jenkins
riverau01,2,Austin Rivers
drumman01,2,Andre Drummond
oquinky01,2,Kyle O'Quinn
copelch01,2,Chris Copeland
bealbr01,2,Bradley Beal
teletmi01,2,Mirza Teletovic
milleda01,2,Darius Miller
robinth01,2,Thomas Robinson
johnsor01,2,Orlando Johnson
freeljo01,2,Joel Freeland
clavevi01,2,Victor Claver
marshke01,2,Kendall Marshall
teaguma01,2,Marquis Teague
moultar01,2,Arnett Moultrie
jamesbe01,1,Bernard James
sullija01,2,Jared Sullinger
motiedo01,2,Donatas Motiejunas
beverpa01,2,Patrick Beverley
engliki01,2,Kim English
scottmi01,2,Mike Scott
jonespe01,3,Perry Jones
fournev01,2,Evan Fournier
tayloty01,2,Tyshawn Taylor
wroteto01,2,Tony Wroten
joneske01,3,Kevin Jones
sacrero01,2,Robert Sacre
acyqu01,2,Quincy Acy
hansbbe01,2,Ben Hansbrough
middlkh01,2,Khris Middleton
kravtvi01,2,Viacheslav Kravtsov
lambdo01,2,Doron Lamb
lambje01,2,Jeremy Lamb
waynsma01,2,Maalik Wayns
garredi02,2,Diante Garrett
joneste01,2,Terrence Jones
shengto01,2,Tornike Shengelia
murphke01,3,Kevin Murphy
zellelu01,2,Luke Zeller
baynear01,2,Aron Baynes
plumlmi01,1,Miles Plumlee
holidju01,2,Justin Holiday
varnaja01,2,Jarvis Varnado
cunnija01,1,Jared Cunningham
millequ01,2,Quincy Miller
melofa01,2,Fab Melo
josepkr01,2,Kris Joseph
machasc01,2,Scott Machado
johnsda03,2,Darius Johnson-Odom
ohlbrti01,2,Tim Ohlbrecht
wrighch02,1,Chris Wright
akognjo01,1,Josh Akognon
simshe01,2,Henry Sims
mclembe01,2,Ben McLemore
zelleco01,2,Cody Zeller
hardati02,2,Tim Hardaway
adamsst01,2,Steven Adams
caldwke01,2,Kentavious Caldwell-Pope
oladivi01,2,Victor Oladipo
thompho01,2,Hollis Thompson
snellto01,2,Tony Snell
antetgi01,2,Giannis Antetokounmpo
pressph01,2,Phil Pressey
dellama01,2,Matthew Dellavedova
calatni01,1,Nick Calathes
olynyke01,2,Kelly Olynyk
plumlma01,2,Mason Plumlee
burketr01,2,Trey Burke
cartemi01,2,Michael Carter-Williams
dienggo01,2,Gorgui Dieng
kellyry01,2,Ryan Kelly
woltena01,2,Nate Wolters
witheje01,2,Jeff Withey
hummero01,2,Robbie Hummel
bennean01,2,Anthony Bennett
goodwar01,2,Archie Goodwin
murryto01,2,Toure' Murry
daviebr01,2,Brandon Davies
anticpe01,2,Pero Antic
schrode01,2,Dennis Schroder
larkish01,1,Shane Larkin
radulmi01,2,Miroslav Raduljica
goberru01,2,Rudy Gobert
mccalra01,2,Ray McCallum
bullore01,2,Reggie Bullock
lenal01,1,Alex Len
roberan03,2,Andre Roberson
johnsch04,2,Chris Johnson
mccolcj01,2,CJ McCollum
muhamsh01,2,Shabazz Muhammad
porteot01,2,Otto Porter
favervi01,2,Vitor Faverani
datomlu01,2,Luigi Datome
mekelga01,1,Gal Mekel
chrisdi01,2,Dionte Christmas
hillso01,2,Solomon Hill
brownlo01,2,Lorenzo Brown
sivape01,3,Peyton Siva
nedovne01,2,Nemanja Nedovic
murpher01,2,Erik Murphy
clarkia01,2,Ian Clark
canaais01,2,Isaiah Canaan
karasse01,2,Sergey Karasev
kuzmiog01,2,Ognjen Kuzmic
mitchto02,3,Tony Mitchell
frankja01,2,Jamaal Franklin
muscami01,2,Mike Muscala
dedmode01,1,Dewayne Dedmon
gutiejo01,2,Jorge Gutierrez
crabbal01,2,Allen Crabbe
babbch01,2,Chris Babb
buyckdw01,2,Dwight Buycks
ledori01,1,Ricky Ledo
ricegl02,2,Glen Rice
wareca01,2,Casper Ware
nunnaja01,2,James Nunnally
felixca01,3,Carrick Felix
hamilju01,2,Justin Hamilton
covinro01,2,Robert Covington
danietr01,1,Troy Daniels
thomaad01,2,Adonis Thomas
stephdj01,2,D.J. Stephens
whitero03,2,Royce White
southja01,2,James Southerland
onuakar01,2,Arinze Onuaku
blueva01,2,Vander Blue
hopsosc01,2,Scotty Hopson
edwarsh01,3,Shane Edwards
harriel01,2,Elias Harris
smithch05,2,Chris Smith
curryse01,2,Seth Curry
mirotni01,2,Nikola Mirotic
paytoel01,2,Elfrid Payton
exumda01,2,Dante Exum
wiggian01,2,Andrew Wiggins
inglejo01,2,Joe Ingles
bogdabo02,2,Bojan Bogdanovic
lavinza01,2,Zach LaVine
noelne01,2,Nerlens Noel
sampsja02,1,JaKarr Sampson
stausni01,2,Nik Stauskas
rudezda01,2,Damjan Rudez
smartma01,2,Marcus Smart
grantje01,2,Jerami Grant
nurkiju01,2,Jusuf Nurkic
ennisja01,1,James Ennis
clarkjo01,2,Jordan Clarkson
harriga01,2,Gary Harris
mcdankj01,2,K.J. McDaniels
weartr01,2,Travis Wear
harrijo01,2,Joe Harris
napiesh01,2,Shabazz Napier
jeffeco01,2,Cory Jefferson
hoodro01,2,Rodney Hood
gordoaa01,2,Aaron Gordon
brownma02,2,Markel Brown
millsel01,2,Elijah Millsap
gallola01,2,Langston Galloway
hairspj02,2,P.J. Hairston
papanko01,2,Kostas Papanikolaou
greener01,2,Erick Green
aldemfu01,2,Furkan Aldemir
warretj01,2,T.J. Warren
earlycl01,2,Cleanthony Early
blackta01,2,Tarik Black
mcderdo01,2,Doug McDermott
obryajo01,2,Johnny O'Bryant
dinwisp01,2,Spencer Dinwiddie
anderky01,2,Kyle Anderson
mcgarmi01,3,Mitch McGary
johnsty01,2,Tyler Johnson
youngja01,2,James Young
adamsjo01,1,Jordan Adams
paynead01,2,Adreian Payne
johnsni01,2,Nick Johnson
ennisty01,2,Tyler Ennis
vonleno01,2,Noah Vonleh
robingl02,2,Glenn Robinson
parkeja01,2,Jabari Parker
lauvejo01,2,Joffrey Lauvergne
poweldw01,2,Dwight Powell
wilcocj01,2,C.J. Wilcox
whittsh01,2,Shayne Whittington
greenja01,1,JaMychal Green
brownja01,2,Jabari Brown
stokeja01,1,Jarnell Stokes
bairsca01,3,Cameron Bairstow
marblde01,2,Devyn Marble
cooleja01,1,Jack Cooley
mcadoja01,2,James Michael McAdoo
cottobr01,1,Bryce Cotton
capelca01,2,Clint Capela
drewla02,2,Larry Drew
dragizo01,2,Zoran Dragic
gordodr01,2,Drew Gordon
cherrwi01,2,Will Cherry
cabocbr01,1,Bruno Caboclo
noguelu01,2,Lucas Nogueira
smithru01,1,Russ Smith
fraziti01,2,Tim Frazier
mcneaje01,2,Jerel McNeal
jerregr01,3,Grant Jerrett
kirkal01,2,Alex Kirk
kilpase01,2,Sean Kilpatrick
dawkian01,2,Andre Dawkins
chrispa01,2,Patrick Christopher
stockda01,2,David Stockton
bhullsi01,2,Sim Bhullar
moreler01,2,Eric Moreland
benimje01,2,Jerrelle Benimon
wearda01,2,David Wear
randlju01,2,Julius Randle
lucaska01,1,Kalin Lucas
townska01,2,Karl-Anthony Towns
netora01,2,Raul Neto
mccontj01,2,T.J. McConnell
kaminfr01,2,Frank Kaminsky
lylestr01,2,Trey Lyles
jokicni01,2,Nikola Jokic
russeda01,2,D'Angelo Russell
hezonma01,2,Mario Hezonja
winslju01,2,Justise Winslow
bookede01,2,Devin Booker
grantje02,2,Jerian Grant
johnsst04,2,Stanley Johnson
porzikr01,2,Kristaps Porzingis
vaughra01,2,Rashad Vaughn
mudiaem01,2,Emmanuel Mudiay
caulewi01,1,Willie Cauley-Stein
oubreke01,2,Kelly Oubre
nancela02,2,Larry Nance
portibo01,2,Bobby Portis
bjeline01,2,Nemanja Bjelica
turnemy01,2,Myles Turner
payneca01,2,Cameron Payne
anderju01,1,Justin Anderson
simmojo02,2,Jonathon Simmons
marjabo01,2,Boban Marjanovic
okafoja01,2,Jahlil Okafor
huertma01,2,Marcelo Huertas
richajo01,2,Josh Richardson
holmeri01,2,Richaun Holmes
powelno01,2,Norman Powell
youngjo01,2,Joe Young
roziete01,2,Terry Rozier
reedwi02,2,Willie Reed
harremo01,2,Montrezl Harrell
hillida01,2,Darrun Hilliard
jonesty01,2,Tyus Jones
hunterj01,2,R.J. Hunter
pattela01,2,Lamar Patterson
connapa01,2,Pat Connaughton
mejrisa01,2,Salah Mejri
feliccr01,2,Cristiano Felicio
brownan02,2,Anthony Brown
holliro01,2,Rondae Hollis-Jefferson
martija01,1,Jarell Martin
wrighde01,2,Delon Wright
eddieja01,2,Jarell Eddie
kaunsa01,2,Sasha Kaun
mcculch01,2,Chris McCullough
toupaax01,2,Axel Toupane
harriaa01,2,Aaron Harrison
inglida01,2,Damien Inglis
woodch01,2,Christian Wood
mickejo01,2,Jordan Mickey
mcraejo01,2,Jordan McRae
munfoxa02,1,Xavier Munford
dejeabr01,2,Bryce Dejean-Jones
pleisti01,3,Tibor Pleiss
montelu01,2,Luis Montero
tavarwa01,2,Edy Tavares
willial03,2,Alan Williams
alexacl01,2,Cliff Alexander
dawsobr01,2,Branden Dawson
weberbr01,1,Briante Weber
applike01,2,Keith Appling
huestjo01,2,Josh Huestis
looneke01,3,Kevon Looney
stephal01,2,Alex Stepheson
dekkesa01,2,Sam Dekker
clarkco01,2,Coty Clarke
antetth01,2,Thanasis Antetokounmpo
obriejj01,3,J.J. O'Brien
dukandu01,2,Duje Dukan
chrisra01,2,Rakeem Christmas
murraja01,2,Jamal Murray
chrisma01,2,Marquese Chriss
finnedo01,2,Dorian Finney-Smith
saricda01,2,Dario Saric
sabondo01,2,Domantas Sabonis
ingrabr01,2,Brandon Ingram
mcgruro01,2,Rodney McGruder
brownja02,2,Jaylen Brown
dunnkr01,2,Kris Dunn
brogdma01,2,Malcolm Brogdon
whiteis01,2,Isaiah Whitehead
delanma01,2,Malcolm Delaney
hernawi01,2,Willy Hernangomez
harrian01,1,Andrew Harrison
mccawpa01,2,Patrick McCaw
luwawti01,2,Timothe Luwawu-Cabarrot
kuzmimi01,2,Mindaugas Kuzminskas
abrinal01,2,Alex Abrines
bertada01,2,Davis Bertans
chrisse01,3,Semaj Christon
hernaju01,2,Juan Hernangomez
ulisty01,2,Tyler Ulis
princta02,1,Taurean Waller-Prince
makerth01,2,Thon Maker
valende01,2,Denzel Valentine
satorto01,2,Tomas Satoransky
leverca01,2,Caris LeVert
hieldbu01,1,Buddy Hield
siakapa01,2,Pascal Siakam
poeltja01,2,Jakob Poeltl
brussni01,2,Nicolas Brussino
bakerro01,2,Ron Baker
zipsepa01,2,Paul Zipser
bendedr01,2,Dragan Bender
feldeka01,2,Kay Felder
murrade01,2,Dejounte Murray
zubaciv01,2,Ivica Zubac
bembrde01,1,DeAndre' Bembry
vanvlfr01,2,Fred VanVleet
forbebr01,2,Bryn Forbes
davisde01,1,Deyonta Davis
ferreyo01,2,Yogi Ferrell
whiteok01,2,Okaro White
laymaja01,2,Jake Layman
labissk01,1,Skal Labissiere
baldwwa01,1,Wade Baldwin
jonesde02,2,Derrick Jones
ndourma01,2,Maurice Ndour
embiijo01,2,Joel Embiid
mcclesh01,2,Sheldon Mac
grahatr01,2,Treveon Graham
willitr02,1,Troy Williams
niangge01,2,Georges Niang
hammoaj01,2,A.J. Hammons
beaslma01,2,Malik Beasley
papagge01,1,Georgios Papagiannis
richama01,1,Malachi Richardson
plumlma02,2,Marshall Plumlee
nwabada01,2,David Nwaba
ellenhe01,2,Henry Ellenson
ochefda01,2,Daniel Ochefu
zimmest01,2,Stephen Zimmerman
randlch01,2,Chasson Randle
laproni01,2,Nicolas Laprovittola
longsh01,2,Shawn Long
gibsojo01,2,Jonathan Gibson
diallch01,2,Cheick Diallo
quartti01,2,Tim Quarterman
wiltjky01,2,Kyle Wiltjer
bolomjo01,2,Joel Bolomboy
seldewa01,1,Wayne Selden
jonesda03,3,Damian Jones
gbinimi01,2,Michael Gbinije
cookqu01,2,Quinn Cook
uthofja01,2,Jarrod Uthoff
jackspi01,2,Pierre Jackson
stonedi01,2,Diamond Stone
paytoga02,2,Gary Payton
poythal01,1,Alex Poythress
georgma01,2,Marcus Georges-Hunt
garinpa01,2,Patricio Garino
onuakch01,2,Chinanu Onuaku
jacksde01,2,Demetrius Jackson
taylois01,2,Isaiah Taylor
bentibe01,2,Ben Bentil
johnsbr02,2,Brice Johnson
tobeymi01,2,Mike Tobey
houseda01,2,Danuel House
brookdi01,2,Dillon Brooks
simmobe01,2,Ben Simmons
tatumja01,2,Jayson Tatum
mitchdo01,2,Donovan Mitchell
bogdabo01,1,Bogdan Bogdanovic
ntilila01,2,Frank Ntilikina
kuzmaky01,2,Kyle Kuzma
jacksjo02,2,Josh Jackson
anunoog01,2,OG Anunoby
collijo01,1,John Collins
foxde01,1,De'Aaron Fox
thornsi01,2,Sindarius Thornwell
kennalu01,2,Luke Kennard
ojelese01,2,Semi Ojeleye
allenja01,2,Jarrett Allen
klebima01,2,Maxi Kleber
onealro01,2,Royce O'Neale
smithde03,2,Dennis Smith
adebaba01,2,Bam Adebayo
jacksju01,1,Justin Jackson
markkla01,2,Lauri Markkanen
colliza01,2,Zach Collins
paulbr01,3,Brandon Paul
monkma01,2,Malik Monk
hartjo01,2,Josh Hart
theisda01,2,Daniel Theis
iwundwe01,2,Wesley Iwundu
fergute01,2,Terrance Ferguson
osmande01,2,Cedi Osman
belljo01,3,Jordan Bell
dorsety01,1,Tyler Dorsey
brownst02,2,Sterling Brown
leaftj01,2,T.J. Leaf
bacondw01,2,Dwayne Bacon
masonfr01,1,Frank Mason
balllo01,2,Lonzo Ball
naderab01,2,Abdel Nader
evansja01,2,Jawun Evans
teodomi01,2,Milos Teodosic
dotsoda01,2,Damyean Dotson
birchkh01,2,Khem Birch
craigto01,2,Torrey Craig
cavanty01,2,Tyler Cavanaugh
willicj01,3,C.J. Williams
carusal01,2,Alex Caruso
rabbiv01,2,Ivan Rabb
yabusgu01,2,Guerschon Yabusele
colliky01,2,Kyle Collinsworth
jamesmi02,2,Mike James
simmoko01,2,Kobi Simmons
zizican01,2,Ante Zizic
johnsda04,2,Dakari Johnson
wallaty01,2,Tyrone Wallace
swanica01,2,Caleb Swanigan
isaacjo01,2,Jonathan Isaac
arcidry01,2,Ryan Arcidiacono
hollajo02,2,John Holland
harrish01,2,Shaquille Harrison
wilsodj01,2,D.J. Wilson
reedda01,2,Davon Reed
henrymy01,2,Myke Henry
peteral01,2,Alec Peters
kornelu01,2,Luke Kornet
blakean01,2,Antonio Blakeney
magetjo01,2,Josh Magette
qizh01,2,Zhou Qi
allenka01,2,Kadeem Allen
hicksis01,2,Isaiah Hicks
whitede01,3,Derrick White
waltode01,2,Derrick Walton
purviro01,3,Rodney Purvis
whitean01,2,Andrew White
leeda03,2,Damion Lee
millema01,2,Malcolm Miller
artisja01,3,Jamel Artis
wilsoja02,3,Jamil Wilson
bryanth01,2,Thomas Bryant
korkmfu01,2,Furkan Korkmaz
perralo01,2,London Perrantes
fultzma01,2,Markelle Fultz
mckinal01,3,Alfonzo McKinnie
birdja01,2,Jabari Bird
clevean01,2,Antonius Cleveland
cookech01,2,Charles Cooke
jonesja04,2,Jalen Jones
motlejo01,2,Johnathan Motley
anigbik01,2,Ike Anigbogu
webbja01,2,James Webb
doylemi01,2,Milton Doyle
bradlto01,2,Tony Bradley
clavegi01,2,Gian Clavell
morrija01,2,Jaylen Morris
hamilda02,1,Daniel Hamilton
grayjo01,2,Josh Gray
lemonwa01,2,Walt Lemon
paigema01,2,Marcus Paige
rathaxa01,2,Xavier Rathan-Mayes
hayesni01,1,Nigel Hayes
wileyja01,2,Jacob Wiley
mccreer01,3,Erik McCree
costema01,3,Matt Costello
huntevi01,2,Vince Hunter
johnsom01,2,Omari Johnson
mathima01,2,Mangok Mathiang
morrimo01,2,Monte Morris
hearnre01,2,Reggie Hearn
willima05,2,Matt Williams
pulleja01,2,Jacob Pullen
warneja01,2,Jameel Warney
doziepj01,2,PJ Dozier
ingraan01,2,Andre Ingram
moorebe01,2,Ben Moore
bouchch01,2,Chris Boucher
robinde01,2,Devin Robinson
mitrona01,2,Naz Mitrou-Long
jacksaa01,2,Aaron Jackson
pattoju01,2,Justin Patton
sumneed01,2,Edmond Sumner
lydonty01,2,Tyler Lydon
mckintr01,2,Trey McKinney-Jones
gilgesh01,2,Shai Gilgeous-Alexander
sextoco01,2,Collin Sexton
bridgmi01,2,Mikal Bridges
youngtr01,1,Trae Young
bridgmi02,3,Miles Bridges
huertke01,1,Kevin Huerter
knoxke01,3,Kevin Knox
okogijo01,3,Josh Okogie
brownbr01,2,Bruce Brown
brunsja01,2,Jalen Brunson
doncilu01,2,Luka Doncic
aytonde01,2,Deandre Ayton
robinmi01,3,Mitchell Robinson
trieral01,3,Allonzo Trier
kurucro01,2,Rodions Kurucs
baglema01,2,Marvin Bagley
jacksfr01,3,Frank Jackson
gilesha01,2,Harry Giles
jacksja02,2,Jaren Jackson
shamela01,2,Landry Shamet
okoboel01,2,Elie Okobo
browntr01,2,Troy Brown
diallha01,3,Hamidou Diallo
clarkga01,2,Gary Clark
holidaa01,2,Aaron Holiday
meltode01,2,De'Anthony Melton
bambamo01,2,Mohamed Bamba
grahade01,3,Devonte' Graham
spellom01,1,Omari Spellman
willike04,3,Kenrich Williams
hutchch01,2,Chandler Hutchison
cartewe01,2,Wendell Carter
boldejo01,2,Jonah Bolden
wagnemo01,3,Moritz Wagner
broekry01,2,Ryan Broekhoff
mykhasv01,3,Sviatoslav Mykhailiuk
carteje01,2,Jevon Carter
briscis01,2,Isaiah Briscoe
allengr01,2,Grayson Allen
wanambr01,3,Brad Wanamaker
adamsja01,1,Jaylen Adams
robinje01,2,Jerome Robinson
burtode02,3,Deonte Burton
williro04,3,Robert Williams
bateske01,3,Keita Bates-Diop
evansja02,3,Jacob Evans
metuch01,3,Chimezie Metu
harteis01,2,Isaiah Hartenstein
divindo01,2,Donte DiVincenzo
blossja01,2,Jaron Blossomgame
thomakh01,2,Khyri Thomas
willijo04,3,Johnathan Williams
eubandr01,3,Drew Eubanks
bongais01,3,Isaac Bonga
miltosh01,2,Shake Milton
simonan01,2,Anfernee Simons
reynoca01,3,Cameron Reynolds
adelde01,2,Deng Adel
pinsoth01,2,Theo Pinson
washbju01,2,Julian Washburn
walkelo01,3,Lonnie Walker
vandeja01,3,Jarred Vanderbilt
goodwbr01,3,Brandon Goodwin
watanyu01,2,Yuta Watanabe
robindu01,2,Duncan Robinson
trentga02,2,Gary Trent
johnsal02,2,Alize Johnson
sampsbr01,2,Brandon Sampson
terreja01,3,Jared Terrell
spaldra01,2,Ray Spalding
bertada02,3,Dairis Bertans
jeffeam01,2,Amile Jefferson
loydjo01,2,Jordan Loyd
welshth01,3,Thomas Welsh
derrima01,3,Marcus Derrickson
alkinra01,2,Rawle Alkins
frazime01,2,Melvin Frazier
musadz01,2,Dzanan Musa
colsobo01,2,Bonzie Colson
maconda01,2,Daryl Macon
chiozch01,2,Chris Chiozza
akoonde01,3,DeVaughn Akoon-Purcell
smithzh01,2,Zhaire Smith
johnsbj01,1,B.J. Johnson
jonesje01,3,Jemerrio Jones
humphis01,1,Isaac Humphries
highsha01,2,Haywood Highsmith
caupatr01,2,Troy Caupain
creekmi01,2,Mitch Creek
garrebi01,3,Billy Garrett
grantdo01,3,Donte Grantham
duvaltr01,2,Trevon Duval
matenya01,2,Yante Maten
antetko01,2,Kostas Antetokounmpo
macurjp01,3,J.P. Macura
delgaan01,2,Angel Delgado
hannadu01,2,Dusty Hannahs
edwarvi01,2,Vince Edwards
terryem01,2,Emanuel Terry
mccalta01,2,Tahjere McCall
davisty01,3,Tyler Davis
chealjo01,3,Joe Chealey
kingge03,2,George King
siberjo01,1,Jordan Sibert
loftoza01,2,Zach Lofton
