,Player,Tm,Year
1,Alex Acker,DET,2009
2,Alex Acker,LAC,2009
3,Hassan Adams,TOR,2009
4,Arron Afflalo,DET,2009
5,Maurice Ager,NJN,2009
6,Blake Ahearn,SAS,2009
7,Alexis Ajinca,CHA,2009
8,LaMarcus Aldridge,POR,2009
9,Joe Alexander,MIL,2009
10,Malik Allen,MIL,2009
11,Ray Allen*,BOS,2009
12,Tony Allen,BOS,2009
13,Morris Almond,UTA,2009
15,Rafer Alston,HOU,2009
16,Rafer Alston,ORL,2009
17,Lou Amundson,PHO,2009
18,Chris Andersen,DEN,2009
19,Ryan Anderson,NJN,2009
20,Carmelo Anthony,DEN,2009
21,Joel Anthony,MIA,2009
22,Gilbert Arenas,WAS,2009
23,Trevor Ariza,LAL,2009
24,Hilton Armstrong,NOH,2009
25,Darrell Arthur,MEM,2009
27,Chucky Atkins,DEN,2009
28,Chucky Atkins,OKC,2009
29,D.J. Augustin,CHA,2009
30,Kelenna Azubuike,GSW,2009
31,Renaldo Balkman,DEN,2009
33,Marcus Banks,MIA,2009
34,Marcus Banks,TOR,2009
35,Leandro Barbosa,PHO,2009
36,J.J. Barea,DAL,2009
37,Andrea Bargnani,TOR,2009
38,Matt Barnes,PHO,2009
39,Brent Barry,HOU,2009
40,Brandon Bass,DAL,2009
41,Maceo Baston,IND,2009
42,Tony Battie,ORL,2009
43,Shane Battier,HOU,2009
44,Nicolas Batum,POR,2009
45,Jerryd Bayless,POR,2009
46,Michael Beasley,MIA,2009
47,Marco Belinelli,GSW,2009
48,Charlie Bell,MIL,2009
50,Raja Bell,PHO,2009
51,Raja Bell,CHA,2009
52,Mike Bibby,ATL,2009
53,Andris Biedrins,GSW,2009
55,Chauncey Billups,DET,2009
56,Chauncey Billups,DEN,2009
57,Steve Blake,POR,2009
58,Andray Blatche,WAS,2009
59,Mark Blount,MIA,2009
61,Keith Bogans,ORL,2009
62,Keith Bogans,MIL,2009
63,Andrew Bogut,MIL,2009
64,Matt Bonner,SAS,2009
65,Josh Boone,NJN,2009
67,Calvin Booth,MIN,2009
68,Calvin Booth,SAC,2009
69,Carlos Boozer,UTA,2009
70,Chris Bosh,TOR,2009
71,Bruce Bowen,SAS,2009
72,Ryan Bowen,NOH,2009
73,Elton Brand,PHI,2009
74,Corey Brewer,MIN,2009
75,Ronnie Brewer,UTA,2009
76,Aaron Brooks,HOU,2009
77,Andre Brown,CHA,2009
79,Bobby Brown,SAC,2009
80,Bobby Brown,MIN,2009
82,Dee Brown,WAS,2009
83,Dee Brown,PHO,2009
84,Devin Brown,NOH,2009
85,Kwame Brown,DET,2009
87,Shannon Brown,CHA,2009
88,Shannon Brown,LAL,2009
89,Kobe Bryant,LAL,2009
90,Greg Buckner,MEM,2009
91,Caron Butler,WAS,2009
92,Rasual Butler,NOH,2009
93,Andrew Bynum,LAL,2009
94,Will Bynum,DET,2009
95,Jose Calderon,TOR,2009
96,Marcus Camby,LAC,2009
97,Brian Cardinal,MIN,2009
98,Rodney Carney,MIN,2009
100,Matt Carroll,CHA,2009
101,Matt Carroll,DAL,2009
102,Anthony Carter,DEN,2009
103,Vince Carter,NJN,2009
104,Mario Chalmers,MIA,2009
105,Tyson Chandler,NOH,2009
106,Wilson Chandler,NYK,2009
107,Speedy Claxton,ATL,2009
108,Jarron Collins,UTA,2009
109,Jason Collins,MIN,2009
111,Mardy Collins,NYK,2009
112,Mardy Collins,LAC,2009
113,Nick Collison,OKC,2009
114,Mike Conley,MEM,2009
116,Brian Cook,ORL,2009
117,Brian Cook,HOU,2009
118,Daequan Cook,MIA,2009
120,Jamal Crawford,NYK,2009
121,Jamal Crawford,GSW,2009
122,Joe Crawford,NYK,2009
124,Javaris Crittenton,MEM,2009
125,Javaris Crittenton,WAS,2009
127,Austin Croshere,MIL,2009
128,Austin Croshere,SAS,2009
129,Eddy Curry,NYK,2009
130,Samuel Dalembert,PHI,2009
131,Erick Dampier,DAL,2009
133,Antonio Daniels,WAS,2009
134,Antonio Daniels,NOH,2009
135,Marquis Daniels,IND,2009
136,Jermareo Davidson,GSW,2009
137,Baron Davis,LAC,2009
138,Glen Davis,BOS,2009
139,Paul Davis,LAC,2009
140,Ricky Davis,LAC,2009
141,Luol Deng,CHI,2009
143,Boris Diaw,PHO,2009
144,Boris Diaw,CHA,2009
145,Yakhouba Diawara,MIA,2009
146,Travis Diener,IND,2009
148,Ike Diogu,POR,2009
149,Ike Diogu,SAC,2009
151,DeSagana Diop,DAL,2009
152,DeSagana Diop,CHA,2009
153,Juan Dixon,WAS,2009
154,Keyon Dooling,NJN,2009
155,Joey Dorsey,HOU,2009
157,Quincy Douby,SAC,2009
158,Quincy Douby,TOR,2009
159,Chris Douglas-Roberts,NJN,2009
160,Goran Dragic,PHO,2009
162,Jared Dudley,CHA,2009
163,Jared Dudley,PHO,2009
164,Chris Duhon,NYK,2009
165,Tim Duncan,SAS,2009
166,Mike Dunleavy,IND,2009
167,Kevin Durant,OKC,2009
168,Monta Ellis,GSW,2009
169,Francisco Elson,MIL,2009
170,Melvin Ely,NOH,2009
171,Maurice Evans,ATL,2009
172,Reggie Evans,PHI,2009
173,Jordan Farmar,LAL,2009
174,Desmon Farmer,SAS,2009
175,Raymond Felton,CHA,2009
176,Rudy Fernandez,POR,2009
177,Kyrylo Fesenko,UTA,2009
178,Michael Finley,SAS,2009
179,Derek Fisher,LAL,2009
180,T.J. Ford,IND,2009
181,Jeff Foster,IND,2009
182,Randy Foye,MIN,2009
184,Adonal Foyle,ORL,2009
185,Adonal Foyle,MEM,2009
186,Channing Frye,POR,2009
187,Dan Gadzuric,MIL,2009
188,Danilo Gallinari,NYK,2009
189,Francisco Garcia,SAC,2009
190,Thomas Gardner,ATL,2009
191,Kevin Garnett,BOS,2009
192,Marc Gasol,MEM,2009
193,Pau Gasol,LAL,2009
194,Rudy Gay,MEM,2009
195,Devean George,DAL,2009
196,Daniel Gibson,CLE,2009
197,J.R. Giddens,BOS,2009
198,Eddie Gill,MIL,2009
199,Manu Ginobili,SAS,2009
200,Ryan Gomes,MIN,2009
202,Drew Gooden,CHI,2009
203,Drew Gooden,SAC,2009
204,Drew Gooden,SAS,2009
205,Ben Gordon,CHI,2009
206,Eric Gordon,LAC,2009
207,Marcin Gortat,ORL,2009
208,Joey Graham,TOR,2009
209,Stephen Graham,IND,2009
210,Danny Granger,IND,2009
211,Aaron Gray,CHI,2009
212,Gerald Green,DAL,2009
213,Jeff Green,OKC,2009
214,Willie Green,PHI,2009
215,Donte Greene,SAC,2009
216,Hamed Haddadi,MEM,2009
217,Malik Hairston,SAS,2009
218,Richard Hamilton,DET,2009
219,Matt Harpring,UTA,2009
221,Al Harrington,GSW,2009
222,Al Harrington,NYK,2009
223,Devin Harris,NJN,2009
225,Jason Hart,LAC,2009
226,Jason Hart,DEN,2009
227,Udonis Haslem,MIA,2009
228,Trenton Hassell,NJN,2009
229,Spencer Hawes,SAC,2009
230,Chuck Hayes,HOU,2009
231,Jarvis Hayes,NJN,2009
232,Brendan Haywood,WAS,2009
234,Luther Head,HOU,2009
235,Luther Head,MIA,2009
236,Walter Herrmann,DET,2009
237,Roy Hibbert,IND,2009
238,J.J. Hickson,CLE,2009
239,Nene Hilario,DEN,2009
240,George Hill,SAS,2009
241,Grant Hill*,PHO,2009
242,Steven Hill,OKC,2009
243,Kirk Hinrich,CHI,2009
245,Ryan Hollins,CHA,2009
246,Ryan Hollins,DAL,2009
247,Al Horford,ATL,2009
248,Eddie House,BOS,2009
249,Dwight Howard,ORL,2009
250,Josh Howard,DAL,2009
252,Juwan Howard,DEN,2009
253,Juwan Howard,CHA,2009
255,Larry Hughes,CHI,2009
256,Larry Hughes,NYK,2009
257,Kris Humphries,TOR,2009
258,Lindsey Hunter,CHI,2009
259,Othello Hunter,ATL,2009
260,Andre Iguodala,PHI,2009
261,Zydrunas Ilgauskas,CLE,2009
262,Didier Ilunga-Mbenga,LAL,2009
264,Allen Iverson*,DEN,2009
265,Allen Iverson*,DET,2009
266,Royal Ivey,PHI,2009
267,Jarrett Jack,IND,2009
268,Bobby Jackson,SAC,2009
269,Darnell Jackson,CLE,2009
270,Stephen Jackson,GSW,2009
271,Jerome James,NYK,2009
272,LeBron James,CLE,2009
274,Mike James,NOH,2009
275,Mike James,WAS,2009
276,Antawn Jamison,WAS,2009
277,Marko Jaric,MEM,2009
278,Nathan Jawai,TOR,2009
279,Al Jefferson,MIN,2009
280,Dontell Jefferson,CHA,2009
281,Richard Jefferson,MIL,2009
282,Jared Jeffries,NYK,2009
283,Yi Jianlian,NJN,2009
284,Amir Johnson,DET,2009
285,Anthony Johnson,ORL,2009
286,Joe Johnson,ATL,2009
288,Linton Johnson,CHA,2009
289,Linton Johnson,CHI,2009
290,Trey Johnson,CLE,2009
291,Dahntay Jones,DEN,2009
292,Damon Jones,MIL,2009
293,Dwayne Jones,CHA,2009
294,Fred Jones,LAC,2009
295,James Jones,MIA,2009
296,Solomon Jones,ATL,2009
297,DeAndre Jordan,LAC,2009
298,Chris Kaman,LAC,2009
299,Jason Kapono,TOR,2009
300,Jason Kidd*,DAL,2009
301,Tarence Kinsey,CLE,2009
302,Andrei Kirilenko,UTA,2009
303,Linas Kleiza,DEN,2009
304,Brevin Knight,UTA,2009
305,Kyle Korver,UTA,2009
306,Kosta Koufos,UTA,2009
307,Nenad Krstic,OKC,2009
308,Rob Kurz,GSW,2009
309,Carl Landry,HOU,2009
310,Acie Law,ATL,2009
311,Courtney Lee,ORL,2009
312,David Lee,NYK,2009
313,Rashard Lewis,ORL,2009
315,Shaun Livingston,MIA,2009
316,Shaun Livingston,OKC,2009
317,Brook Lopez,NJN,2009
318,Robin Lopez,PHO,2009
319,Kevin Love,MIN,2009
321,Kyle Lowry,MEM,2009
322,Kyle Lowry,HOU,2009
324,Tyronn Lue,MIL,2009
325,Tyronn Lue,ORL,2009
326,Mark Madsen,MIN,2009
327,Corey Maggette,GSW,2009
328,Jamaal Magloire,MIA,2009
329,Stephon Marbury,BOS,2009
331,Shawn Marion,MIA,2009
332,Shawn Marion,TOR,2009
333,Sean Marks,NOH,2009
334,Donyell Marshall,PHI,2009
335,Cartier Martin,CHA,2009
336,Kenyon Martin,DEN,2009
337,Kevin Martin,SAC,2009
338,Desmond Mason,OKC,2009
339,Roger Mason,SAS,2009
340,Jason Maxiell,DET,2009
341,Sean May,CHA,2009
342,O.J. Mayo,MEM,2009
343,Luc Mbah a Moute,MIL,2009
345,Rashad McCants,MIN,2009
346,Rashad McCants,SAC,2009
347,Antonio McDyess,DET,2009
348,JaVale McGee,WAS,2009
349,Tracy McGrady*,HOU,2009
350,Dominic McGuire,WAS,2009
351,Josh McRoberts,IND,2009
353,Pops Mensah-Bonsu,SAS,2009
354,Pops Mensah-Bonsu,TOR,2009
355,Chris Mihm,LAL,2009
356,C.J. Miles,UTA,2009
357,Darius Miles,MEM,2009
358,Darko Milicic,MEM,2009
359,Andre Miller,PHI,2009
361,Brad Miller,SAC,2009
362,Brad Miller,CHI,2009
363,Mike Miller,MIN,2009
364,Paul Millsap,UTA,2009
365,Yao Ming*,HOU,2009
366,Cuttino Mobley,LAC,2009
367,Nazr Mohammed,CHA,2009
369,Jamario Moon,TOR,2009
370,Jamario Moon,MIA,2009
372,Mikki Moore,SAC,2009
373,Mikki Moore,BOS,2009
374,Randolph Morris,ATL,2009
376,Adam Morrison,CHA,2009
377,Adam Morrison,LAL,2009
378,Anthony Morrow,GSW,2009
379,Troy Murphy,IND,2009
380,Ronald Murray,ATL,2009
381,Dikembe Mutombo*,HOU,2009
382,Eduardo Najera,NJN,2009
383,Steve Nash*,PHO,2009
384,DeMarcus Nelson,GSW,2009
385,Jameer Nelson,ORL,2009
386,Rasho Nesterovic,IND,2009
388,Demetris Nichols,CHI,2009
389,Demetris Nichols,NYK,2009
390,Joakim Noah,CHI,2009
392,Andres Nocioni,CHI,2009
393,Andres Nocioni,SAC,2009
394,Steve Novak,LAC,2009
395,Dirk Nowitzki,DAL,2009
397,Patrick O'Bryant,BOS,2009
398,Patrick O'Bryant,TOR,2009
400,Jermaine O'Neal,TOR,2009
401,Jermaine O'Neal,MIA,2009
402,Shaquille O'Neal*,PHO,2009
403,Fabricio Oberto,SAS,2009
404,Greg Oden,POR,2009
405,Lamar Odom,LAL,2009
406,Emeka Okafor,CHA,2009
407,Mehmet Okur,UTA,2009
408,Kevin Ollie,MIN,2009
409,Travis Outlaw,POR,2009
410,Zaza Pachulia,ATL,2009
411,Anthony Parker,TOR,2009
412,Tony Parker,SAS,2009
413,Chris Paul,NOH,2009
414,Sasha Pavlovic,CLE,2009
415,Oleksiy Pecherov,WAS,2009
416,Kendrick Perkins,BOS,2009
417,Morris Peterson,NOH,2009
419,Johan Petro,OKC,2009
420,Johan Petro,DEN,2009
421,Paul Pierce,BOS,2009
422,Mickael Pietrus,ORL,2009
423,James Posey,NOH,2009
424,Leon Powe,BOS,2009
425,Josh Powell,LAL,2009
426,Ronnie Price,UTA,2009
427,Tayshaun Prince,DET,2009
428,Gabe Pruitt,BOS,2009
429,Joel Przybilla,POR,2009
430,Chris Quinn,MIA,2009
432,Vladimir Radmanovic,LAL,2009
433,Vladimir Radmanovic,CHA,2009
434,Anthony Randolph,GSW,2009
435,Shavlik Randolph,POR,2009
437,Zach Randolph,NYK,2009
438,Zach Randolph,LAC,2009
439,Theo Ratliff,PHI,2009
440,Michael Redd,MIL,2009
441,J.J. Redick,ORL,2009
443,Jason Richardson,CHA,2009
444,Jason Richardson,PHO,2009
445,Jeremy Richardson,ORL,2009
446,Quentin Richardson,NYK,2009
447,Luke Ridnour,MIL,2009
449,Anthony Roberson,NYK,2009
450,Anthony Roberson,CHI,2009
451,Nate Robinson,NYK,2009
452,Sergio Rodriguez,POR,2009
453,Rajon Rondo,BOS,2009
454,Derrick Rose,CHI,2009
456,Malik Rose,NYK,2009
457,Malik Rose,OKC,2009
458,Quinton Ross,MEM,2009
459,Brandon Roy,POR,2009
460,Michael Ruffin,POR,2009
461,Brandon Rush,IND,2009
462,Kareem Rush,PHI,2009
464,John Salmons,SAC,2009
465,John Salmons,CHI,2009
467,Cheikh Samb,DEN,2009
468,Cheikh Samb,LAC,2009
469,Cheikh Samb,NYK,2009
470,Brian Scalabrine,BOS,2009
471,Luis Scola,HOU,2009
473,Thabo Sefolosha,CHI,2009
474,Thabo Sefolosha,OKC,2009
476,Mouhamed Sene,OKC,2009
477,Mouhamed Sene,NYK,2009
478,Ramon Sessions,MIL,2009
479,Walter Sharpe,DET,2009
480,Bobby Simmons,NJN,2009
482,Cedric Simmons,CHI,2009
483,Cedric Simmons,SAC,2009
485,Courtney Sims,PHO,2009
486,Courtney Sims,NYK,2009
488,Sean Singletary,PHO,2009
489,Sean Singletary,CHA,2009
490,James Singleton,DAL,2009
491,Brian Skinner,LAC,2009
492,Craig Smith,MIN,2009
493,J.R. Smith,DEN,2009
495,Joe Smith,OKC,2009
496,Joe Smith,CLE,2009
497,Josh Smith,ATL,2009
499,Will Solomon,TOR,2009
500,Will Solomon,SAC,2009
501,Darius Songaila,WAS,2009
502,Marreese Speights,PHI,2009
503,Jerry Stackhouse,DAL,2009
504,DeShawn Stevenson,WAS,2009
505,Peja Stojakovic,NOH,2009
506,Amar'e Stoudemire,PHO,2009
507,Rodney Stuckey,DET,2009
508,Robert Swift,OKC,2009
510,Stromile Swift,NJN,2009
511,Stromile Swift,PHO,2009
512,Wally Szczerbiak,CLE,2009
513,Mike Taylor,LAC,2009
514,Sebastian Telfair,MIN,2009
515,Jason Terry,DAL,2009
516,Etan Thomas,WAS,2009
517,Kenny Thomas,SAC,2009
518,Kurt Thomas,SAS,2009
520,Tim Thomas,LAC,2009
521,Tim Thomas,NYK,2009
522,Tim Thomas,CHI,2009
523,Tyrus Thomas,CHI,2009
524,Jason Thompson,SAC,2009
525,Al Thornton,LAC,2009
526,Anthony Tolliver,SAS,2009
527,Alando Tucker,PHO,2009
528,Ronny Turiaf,GSW,2009
529,Hedo Turkoglu,ORL,2009
530,Ime Udoka,SAS,2009
531,Beno Udrih,SAC,2009
532,Roko Ukic,TOR,2009
533,Anderson Varejao,CLE,2009
534,Jacque Vaughn,SAS,2009
535,Charlie Villanueva,MIL,2009
536,Jake Voskuhl,TOR,2009
537,Sasha Vujacic,LAL,2009
538,Dwyane Wade,MIA,2009
539,Von Wafer,HOU,2009
540,Henry Walker,BOS,2009
541,Ben Wallace,CLE,2009
542,Gerald Wallace,CHA,2009
543,Rasheed Wallace,DET,2009
544,Luke Walton,LAL,2009
545,Hakim Warrick,MEM,2009
546,C.J. Watson,GSW,2009
547,Earl Watson,OKC,2009
548,Kyle Weaver,OKC,2009
549,Martell Webster,POR,2009
550,Sonny Weems,DEN,2009
551,David West,NOH,2009
552,Delonte West,CLE,2009
553,Mario West,ATL,2009
554,Russell Westbrook,OKC,2009
555,D.J. White,OKC,2009
556,James White,HOU,2009
558,Chris Wilcox,OKC,2009
559,Chris Wilcox,NYK,2009
560,Damien Wilkins,OKC,2009
561,Deron Williams,UTA,2009
562,Jawad Williams,CLE,2009
563,Lou Williams,PHI,2009
564,Marcus Williams,GSW,2009
565,Marcus Williams,SAS,2009
566,Marvin Williams,ATL,2009
567,Mo Williams,CLE,2009
568,Sean Williams,NJN,2009
569,Shawne Williams,DAL,2009
571,Shelden Williams,SAC,2009
572,Shelden Williams,MIN,2009
573,Metta World Peace,HOU,2009
574,Antoine Wright,DAL,2009
575,Brandan Wright,GSW,2009
576,Dorell Wright,MIA,2009
577,Julian Wright,NOH,2009
578,Lorenzen Wright,CLE,2009
579,Nick Young,WAS,2009
580,Thaddeus Young,PHI,2009
581,Sun Yue,LAL,2009
